User,PostalCode,Latitude,Longitude
1,J5L2C8,45.8042917,-74.0377283
283,J5L2C8,45.8042917,-74.0377283
558,J5L2C8,45.8042917,-74.0377283
1149,J5L2C8,45.8042917,-74.0377283
1689,J5L2C8,45.8042917,-74.0377283
2,J8G2Y3,45.669489,-74.40720809999999
12,J8G2Y3,45.669489,-74.40720809999999
1040,J8G2Y3,45.669489,-74.40720809999999
1504,J8G2Y3,45.669489,-74.40720809999999
2074,J8G2Y3,45.669489,-74.40720809999999
2212,J8G2Y3,45.669489,-74.40720809999999
3,J7Z6N9,45.77745849999999,-73.9861438
4,J0K1Z0,45.9285493,-73.8677558
55,J0K1Z0,45.9285493,-73.8677558
322,J0K1Z0,45.9285493,-73.8677558
424,J0K1Z0,45.9285493,-73.8677558
853,J0K1Z0,45.9285493,-73.8677558
867,J0K1Z0,45.9285493,-73.8677558
972,J0K1Z0,45.9285493,-73.8677558
1103,J0K1Z0,45.9285493,-73.8677558
1269,J0K1Z0,45.9285493,-73.8677558
1311,J0K1Z0,45.9285493,-73.8677558
1320,J0K1Z0,45.9285493,-73.8677558
1323,J0K1Z0,45.9285493,-73.8677558
1367,J0K1Z0,45.9285493,-73.8677558
1601,J0K1Z0,45.9285493,-73.8677558
1755,J0K1Z0,45.9285493,-73.8677558
1757,J0K1Z0,45.9285493,-73.8677558
1816,J0K1Z0,45.9285493,-73.8677558
1843,J0K1Z0,45.9285493,-73.8677558
1945,J0K1Z0,45.9285493,-73.8677558
1992,J0K1Z0,45.9285493,-73.8677558
1998,J0K1Z0,45.9285493,-73.8677558
1999,J0K1Z0,45.9285493,-73.8677558
2091,J0K1Z0,45.9285493,-73.8677558
2093,J0K1Z0,45.9285493,-73.8677558
2105,J0K1Z0,45.9285493,-73.8677558
2172,J0K1Z0,45.9285493,-73.8677558
2177,J0K1Z0,45.9285493,-73.8677558
2298,J0K1Z0,45.9285493,-73.8677558
2363,J0K1Z0,45.9285493,-73.8677558
2364,J0K1Z0,45.9285493,-73.8677558
2416,J0K1Z0,45.9285493,-73.8677558
2460,J0K1Z0,45.9285493,-73.8677558
5,J7J0S4,45.6749602,-73.92967639999999
6,J7Z7M3,45.7920504,-73.9983854
7,J0X2M0,46.1006586,-75.5559129
8,J8B1H1,45.9336672,-74.122444
9,J5K1Z7,45.7491095,-74.1224955
335,J5K1Z7,45.7491095,-74.1224955
1968,J5K1Z7,45.7491095,-74.1224955
1969,J5K1Z7,45.7491095,-74.1224955
1970,J5K1Z7,45.7491095,-74.1224955
10,J7N1K2,45.7196335,-74.08380369999999
1098,J7N1K2,45.7196335,-74.08380369999999
1425,J7N1K2,45.7196335,-74.08380369999999
1608,J7N1K2,45.7196335,-74.08380369999999
11,J5L1H7,45.7971077,-74.0384919
38,J5L1H7,45.7971077,-74.0384919
423,J5L1H7,45.7971077,-74.0384919
826,J5L1H7,45.7971077,-74.0384919
13,J0K3K0,46.1233848,-73.8630817
1991,J0K3K0,46.1233848,-73.8630817
14,J7J2S4,45.704405,-73.9272326
16,H7V0A7,45.5462847,-73.735596
17,J7Z7N5,45.7674325,-73.9961886
388,J7Z7N5,45.7674325,-73.9961886
463,J7Z7N5,45.7674325,-73.9961886
2264,J7Z7N5,45.7674325,-73.9961886
2419,J7Z7N5,45.7674325,-73.9961886
18,J5N1T7,45.7465711,-73.8272452
19,J8H3W9,45.6977103,-74.2607025
1271,J8H3W9,45.6977103,-74.2607025
20,J0R1A0,45.812727,-74.2157391
141,J0R1A0,45.812727,-74.2157391
247,J0R1A0,45.812727,-74.2157391
597,J0R1A0,45.812727,-74.2157391
839,J0R1A0,45.812727,-74.2157391
1283,J0R1A0,45.812727,-74.2157391
1361,J0R1A0,45.812727,-74.2157391
1837,J0R1A0,45.812727,-74.2157391
1902,J0R1A0,45.812727,-74.2157391
2262,J0R1A0,45.812727,-74.2157391
2481,J0R1A0,45.812727,-74.2157391
21,J7M0G3,45.7721501,-73.72940559999999
22,J7E5R2,45.6366963,-73.8201129
135,J7E5R2,45.6366963,-73.8201129
23,J7Y0H5,45.7648018,-74.00962
24,J6A4J3,45.73546289999999,-73.4533021
25,J7L0H9,45.75392230000001,-73.63962
26,J0V1B0,45.680056,-74.727175
499,J0V1B0,45.680056,-74.727175
27,J7Y3V8,45.7687697,-74.0166519
306,J7Y3V8,45.7687697,-74.0166519
1335,J7Y3V8,45.7687697,-74.0166519
28,J7Y0A2,45.8041379,-74.0005576
169,J7Y0A2,45.8041379,-74.0005576
289,J7Y0A2,45.8041379,-74.0005576
1092,J7Y0A2,45.8041379,-74.0005576
1177,J7Y0A2,45.8041379,-74.0005576
1628,J7Y0A2,45.8041379,-74.0005576
2297,J7Y0A2,45.8041379,-74.0005576
29,J7Y5A7,45.8007767,-73.9972514
202,J7Y5A7,45.8007767,-73.9972514
1765,J7Y5A7,45.8007767,-73.9972514
30,J0R1R2,45.8802199,-74.194245
139,J0R1R2,45.8802199,-74.194245
1456,J0R1R2,45.8802199,-74.194245
2141,J0R1R2,45.8802199,-74.194245
2142,J0R1R2,45.8802199,-74.194245
31,J0R1R7,45.9099599,-74.18073849999999
380,J0R1R7,45.9099599,-74.18073849999999
1458,J0R1R7,45.9099599,-74.18073849999999
32,J8B1L4,45.93867729999999,-74.1019749
33,J8B3L5,45.9431486,-74.1505928
34,J7N3E1,45.7133748,-74.0781974
39,J0R1T0,45.8671566,-74.050975
63,J0R1T0,45.8671566,-74.050975
70,J0R1T0,45.8671566,-74.050975
181,J0R1T0,45.8671566,-74.050975
212,J0R1T0,45.8671566,-74.050975
234,J0R1T0,45.8671566,-74.050975
240,J0R1T0,45.8671566,-74.050975
264,J0R1T0,45.8671566,-74.050975
269,J0R1T0,45.8671566,-74.050975
349,J0R1T0,45.8671566,-74.050975
440,J0R1T0,45.8671566,-74.050975
451,J0R1T0,45.8671566,-74.050975
464,J0R1T0,45.8671566,-74.050975
490,J0R1T0,45.8671566,-74.050975
502,J0R1T0,45.8671566,-74.050975
503,J0R1T0,45.8671566,-74.050975
507,J0R1T0,45.8671566,-74.050975
508,J0R1T0,45.8671566,-74.050975
559,J0R1T0,45.8671566,-74.050975
581,J0R1T0,45.8671566,-74.050975
582,J0R1T0,45.8671566,-74.050975
598,J0R1T0,45.8671566,-74.050975
602,J0R1T0,45.8671566,-74.050975
606,J0R1T0,45.8671566,-74.050975
615,J0R1T0,45.8671566,-74.050975
696,J0R1T0,45.8671566,-74.050975
713,J0R1T0,45.8671566,-74.050975
714,J0R1T0,45.8671566,-74.050975
715,J0R1T0,45.8671566,-74.050975
801,J0R1T0,45.8671566,-74.050975
802,J0R1T0,45.8671566,-74.050975
834,J0R1T0,45.8671566,-74.050975
847,J0R1T0,45.8671566,-74.050975
850,J0R1T0,45.8671566,-74.050975
897,J0R1T0,45.8671566,-74.050975
923,J0R1T0,45.8671566,-74.050975
1039,J0R1T0,45.8671566,-74.050975
1061,J0R1T0,45.8671566,-74.050975
1075,J0R1T0,45.8671566,-74.050975
1118,J0R1T0,45.8671566,-74.050975
1185,J0R1T0,45.8671566,-74.050975
1243,J0R1T0,45.8671566,-74.050975
1356,J0R1T0,45.8671566,-74.050975
1427,J0R1T0,45.8671566,-74.050975
1467,J0R1T0,45.8671566,-74.050975
1488,J0R1T0,45.8671566,-74.050975
1634,J0R1T0,45.8671566,-74.050975
1646,J0R1T0,45.8671566,-74.050975
1662,J0R1T0,45.8671566,-74.050975
1706,J0R1T0,45.8671566,-74.050975
1775,J0R1T0,45.8671566,-74.050975
1782,J0R1T0,45.8671566,-74.050975
1859,J0R1T0,45.8671566,-74.050975
2030,J0R1T0,45.8671566,-74.050975
2043,J0R1T0,45.8671566,-74.050975
2059,J0R1T0,45.8671566,-74.050975
2223,J0R1T0,45.8671566,-74.050975
2267,J0R1T0,45.8671566,-74.050975
2301,J0R1T0,45.8671566,-74.050975
2360,J0R1T0,45.8671566,-74.050975
41,J8H3W8,45.7350696,-74.31946359999999
890,J8H3W8,45.7350696,-74.31946359999999
1082,J8H3W8,45.7350696,-74.31946359999999
1303,J8H3W8,45.7350696,-74.31946359999999
42,J5K1W9,45.7600175,-74.1116955
43,J0K2R0,45.9749901,-73.58367989999999
1557,J0K2R0,45.9749901,-73.58367989999999
1558,J0K2R0,45.9749901,-73.58367989999999
44,J7N1A2,45.7477403,-74.04687489999999
1128,J7N1A2,45.7477403,-74.04687489999999
1966,J7N1A2,45.7477403,-74.04687489999999
37,J5J1E2,45.8515852,-73.8906006
995,J5J1E2,45.8515852,-73.8906006
36,J8A2A4,45.9081552,-73.97900849999999
45,J5K1K7,45.7755796,-74.1207872
773,J5K1K7,45.7755796,-74.1207872
960,J5K1K7,45.7755796,-74.1207872
1101,J5K1K7,45.7755796,-74.1207872
40,J5N0N7,45.7697138,-73.8019494
1823,J5N0N7,45.7697138,-73.8019494
49,J7Z1N2,45.785581,-73.9924691
1708,J7Z1N2,45.785581,-73.9924691
48,J7M1R7,45.7926276,-73.7656098
46,J7J2E6,45.7389358,-73.9536737
327,J7J2E6,45.7389358,-73.9536737
47,J5K0B1,45.7068879,-74.1498349
50,H7S1Z4,45.5739725,-73.7418065
67,J8C2Z7,46.04968179999999,-74.37664749999999
263,J8C2Z7,46.04968179999999,-74.37664749999999
1865,J8C2Z7,46.04968179999999,-74.37664749999999
2269,J8C2Z7,46.04968179999999,-74.37664749999999
54,J7N0K4,45.7508485,-74.0601369
600,J7N0K4,45.7508485,-74.0601369
58,J7Y2Y9,45.7953519,-74.01878289999999
60,J7Y2Y9,45.7953519,-74.01878289999999
882,J7Y2Y9,45.7953519,-74.01878289999999
1057,J7Y2Y9,45.7953519,-74.01878289999999
1235,J7Y2Y9,45.7953519,-74.01878289999999
1424,J7Y2Y9,45.7953519,-74.01878289999999
2186,J7Y2Y9,45.7953519,-74.01878289999999
2199,J7Y2Y9,45.7953519,-74.01878289999999
2200,J7Y2Y9,45.7953519,-74.01878289999999
57,J5J0P6,45.8547786,-73.9053516
1638,J5J0P6,45.8547786,-73.9053516
59,J7N0N8,45.7511793,-74.06245419999999
61,J8B3M9,45.9338235,-74.144993
1302,J8B3M9,45.9338235,-74.144993
65,J5K1C7,45.7629223,-74.0745451
1313,J5K1C7,45.7629223,-74.0745451
1674,J5K1C7,45.7629223,-74.0745451
2195,J5K1C7,45.7629223,-74.0745451
2353,J5K1C7,45.7629223,-74.0745451
51,J8A1X2,45.8917045,-74.0310578
52,J7J2G5,45.7510294,-73.9993259
56,J5M0H5,45.8532367,-73.75501299999999
77,J0K2B0,46.27547,-73.829238
593,J0K2B0,46.27547,-73.829238
610,J0K2B0,46.27547,-73.829238
873,J0K2B0,46.27547,-73.829238
53,J7Y0M4,45.7895755,-74.0176985
383,J7Y0M4,45.7895755,-74.0176985
929,J7Y0M4,45.7895755,-74.0176985
1671,J7Y0M4,45.7895755,-74.0176985
1982,J7Y0M4,45.7895755,-74.0176985
2192,J7Y0M4,45.7895755,-74.0176985
2340,J7Y0M4,45.7895755,-74.0176985
2341,J7Y0M4,45.7895755,-74.0176985
2386,J7Y0M4,45.7895755,-74.0176985
62,J7Z5C7,45.7875545,-74.0030577
75,J7Y0H6,45.7661486,-74.0089524
1052,J7Y0H6,45.7661486,-74.0089524
1074,J7Y0H6,45.7661486,-74.0089524
74,J5J2T6,45.8158807,-73.9521158
594,J5J2T6,45.8158807,-73.9521158
68,J7Y3L5,45.7830969,-74.0175404
1715,J7Y3L5,45.7830969,-74.0175404
73,J8G1R5,45.6224508,-74.43220529999999
69,H7P0K3,45.5709239,-73.76971209999999
80,J7Z0K8,45.7850056,-74.0011713
377,J7Z0K8,45.7850056,-74.0011713
963,J7Z0K8,45.7850056,-74.0011713
1028,J7Z0K8,45.7850056,-74.0011713
1928,J7Z0K8,45.7850056,-74.0011713
2050,J7Z0K8,45.7850056,-74.0011713
71,J7C0P3,45.6700224,-73.8702351
1366,J7C0P3,45.6700224,-73.8702351
64,J7N3P1,45.7039142,-74.07671479999999
79,J5K1C3,45.7618202,-74.0668192
220,J5K1C3,45.7618202,-74.0668192
747,J5K1C3,45.7618202,-74.0668192
1078,J5K1C3,45.7618202,-74.0668192
1086,J5K1C3,45.7618202,-74.0668192
1325,J5K1C3,45.7618202,-74.0668192
66,J7Z0K3,45.7576107,-73.9854051
298,J7Z0K3,45.7576107,-73.9854051
359,J7Z0K3,45.7576107,-73.9854051
78,J7Y0C7,45.79841750000001,-73.9988145
1239,J7Y0C7,45.79841750000001,-73.9988145
1291,J7Y0C7,45.79841750000001,-73.9988145
2024,J7Y0C7,45.79841750000001,-73.9988145
2339,J7Y0C7,45.79841750000001,-73.9988145
76,J7Y1E9,45.8012841,-74.0119295
84,J7N3E6,45.7455002,-74.04606720000001
88,J7V8P6,45.3653935,-73.8598872
86,J0R1K0,45.9011619,-74.1187326
505,J0R1K0,45.9011619,-74.1187326
538,J0R1K0,45.9011619,-74.1187326
539,J0R1K0,45.9011619,-74.1187326
604,J0R1K0,45.9011619,-74.1187326
637,J0R1K0,45.9011619,-74.1187326
1339,J0R1K0,45.9011619,-74.1187326
1395,J0R1K0,45.9011619,-74.1187326
1459,J0R1K0,45.9011619,-74.1187326
1536,J0R1K0,45.9011619,-74.1187326
1929,J0R1K0,45.9011619,-74.1187326
105,J0R1H0,45.8987802,-74.27403439999999
603,J0R1H0,45.8987802,-74.27403439999999
787,J0R1H0,45.8987802,-74.27403439999999
1381,J0R1H0,45.8987802,-74.27403439999999
1474,J0R1H0,45.8987802,-74.27403439999999
1890,J0R1H0,45.8987802,-74.27403439999999
1925,J0R1H0,45.8987802,-74.27403439999999
2126,J0R1H0,45.8987802,-74.27403439999999
2193,J0R1H0,45.8987802,-74.27403439999999
2433,J0R1H0,45.8987802,-74.27403439999999
81,J5N2S8,45.777418,-73.7906447
83,J5L2R9,45.7905281,-74.045603
2065,J5L2R9,45.7905281,-74.045603
2338,J5L2R9,45.7905281,-74.045603
85,J7Y2W2,45.7926167,-74.01135169999999
646,J7Y2W2,45.7926167,-74.01135169999999
2468,J7Y2W2,45.7926167,-74.01135169999999
98,J7C3S5,45.6661087,-73.8630886
89,H7E2W5,45.5977523,-73.65641049999999
87,J6A7A6,45.75439919999999,-73.45334500000001
93,J0R1R3,45.8749552,-74.15707809999999
176,J0R1R3,45.8749552,-74.15707809999999
207,J0R1R3,45.8749552,-74.15707809999999
564,J0R1R3,45.8749552,-74.15707809999999
1277,J0R1R3,45.8749552,-74.15707809999999
1343,J0R1R3,45.8749552,-74.15707809999999
1809,J0R1R3,45.8749552,-74.15707809999999
2015,J0R1R3,45.8749552,-74.15707809999999
2279,J0R1R3,45.8749552,-74.15707809999999
2322,J0R1R3,45.8749552,-74.15707809999999
2470,J0R1R3,45.8749552,-74.15707809999999
90,J5M0Y7,45.8509331,-73.7540918
122,J7J2P7,45.6708677,-73.93704819999999
1089,J7J2P7,45.6708677,-73.93704819999999
107,J0T1W0,46.8257296,-74.7978951
100,J7N1A5,45.7499277,-74.0462505
111,J0R1R6,45.8947647,-74.1508494
290,J0R1R6,45.8947647,-74.1508494
293,J0R1R6,45.8947647,-74.1508494
1726,J0R1R6,45.8947647,-74.1508494
1877,J0R1R6,45.8947647,-74.1508494
2182,J0R1R6,45.8947647,-74.1508494
2208,J0R1R6,45.8947647,-74.1508494
2294,J0R1R6,45.8947647,-74.1508494
94,J5K0R4,45.7282857,-74.11474369999999
110,J5L0B6,45.8039375,-74.0458817
99,J7Y0G2,45.7748815,-74.016914
2288,J7Y0G2,45.7748815,-74.016914
97,J7Y4N2,45.8088464,-74.0037198
96,J5L1S1,45.8083152,-74.0456792
148,J5L1S1,45.8083152,-74.0456792
369,J5L1S1,45.8083152,-74.0456792
1830,J5L1S1,45.8083152,-74.0456792
113,J7Z4V6,45.7832953,-74.00089679999999
481,J7Z4V6,45.7832953,-74.00089679999999
104,J7Y0J1,45.76351409999999,-74.0085807
2161,J7Y0J1,45.76351409999999,-74.0085807
95,J5L1R7,45.7867469,-74.0787048
868,J5L1R7,45.7867469,-74.0787048
1125,J5L1R7,45.7867469,-74.0787048
1901,J5L1R7,45.7867469,-74.0787048
2285,J5L1R7,45.7867469,-74.0787048
2326,J5L1R7,45.7867469,-74.0787048
2371,J5L1R7,45.7867469,-74.0787048
2478,J5L1R7,45.7867469,-74.0787048
101,J7Z2L9,45.7721088,-73.9996771
1193,J7Z2L9,45.7721088,-73.9996771
109,J5N0B6,45.7592908,-73.8138824
158,J5N0B6,45.7592908,-73.8138824
92,J0R1R4,45.8919866,-74.17419029999999
515,J0R1R4,45.8919866,-74.17419029999999
947,J0R1R4,45.8919866,-74.17419029999999
948,J0R1R4,45.8919866,-74.17419029999999
1122,J0R1R4,45.8919866,-74.17419029999999
1431,J0R1R4,45.8919866,-74.17419029999999
1432,J0R1R4,45.8919866,-74.17419029999999
2334,J0R1R4,45.8919866,-74.17419029999999
114,H2L4G4,45.5189203,-73.5680716
115,J7Y1X1,45.7885709,-74.0149263
863,J7Y1X1,45.7885709,-74.0149263
1657,J7Y1X1,45.7885709,-74.0149263
116,J7Z3Y7,45.7865324,-73.9938069
108,J5M0L2,45.8129635,-73.73555499999999
117,J5L0A3,45.7921626,-74.0421582
1211,J5L0A3,45.7921626,-74.0421582
1597,J5L0A3,45.7921626,-74.0421582
125,J7Z0E1,45.7860096,-73.96846
780,J7Z0E1,45.7860096,-73.96846
781,J7Z0E1,45.7860096,-73.96846
1742,J7Z0E1,45.7860096,-73.96846
1963,J7Z0E1,45.7860096,-73.96846
106,J7Y3Z7,45.77695120000001,-74.0197021
927,J7Y3Z7,45.77695120000001,-74.0197021
1034,J7Y3Z7,45.77695120000001,-74.0197021
2218,J7Y3Z7,45.77695120000001,-74.0197021
2231,J7Y3Z7,45.77695120000001,-74.0197021
112,J0T2N0,46.0433075,-74.1923743
317,J0T2N0,46.0433075,-74.1923743
1017,J0T2N0,46.0433075,-74.1923743
1018,J0T2N0,46.0433075,-74.1923743
1019,J0T2N0,46.0433075,-74.1923743
1242,J0T2N0,46.0433075,-74.1923743
1391,J0T2N0,46.0433075,-74.1923743
1525,J0T2N0,46.0433075,-74.1923743
1528,J0T2N0,46.0433075,-74.1923743
1754,J0T2N0,46.0433075,-74.1923743
1784,J0T2N0,46.0433075,-74.1923743
1817,J0T2N0,46.0433075,-74.1923743
2061,J0T2N0,46.0433075,-74.1923743
2245,J0T2N0,46.0433075,-74.1923743
133,J8A1J8,45.8706216,-74.0028659
102,J7Y0P7,45.82276539999999,-74.0043235
384,J7Y0P7,45.82276539999999,-74.0043235
1273,J7Y0P7,45.82276539999999,-74.0043235
1712,J7Y0P7,45.82276539999999,-74.0043235
1737,J7Y0P7,45.82276539999999,-74.0043235
121,J7N3S2,45.7055335,-74.0785015
123,J7Y1N2,45.7987429,-74.0053271
2266,J7Y1N2,45.7987429,-74.0053271
2472,J7Y1N2,45.7987429,-74.0053271
131,J0R1B0,45.8417298,-74.1458389
378,J0R1B0,45.8417298,-74.1458389
449,J0R1B0,45.8417298,-74.1458389
470,J0R1B0,45.8417298,-74.1458389
535,J0R1B0,45.8417298,-74.1458389
574,J0R1B0,45.8417298,-74.1458389
620,J0R1B0,45.8417298,-74.1458389
626,J0R1B0,45.8417298,-74.1458389
666,J0R1B0,45.8417298,-74.1458389
822,J0R1B0,45.8417298,-74.1458389
1248,J0R1B0,45.8417298,-74.1458389
1278,J0R1B0,45.8417298,-74.1458389
1298,J0R1B0,45.8417298,-74.1458389
1321,J0R1B0,45.8417298,-74.1458389
1322,J0R1B0,45.8417298,-74.1458389
1396,J0R1B0,45.8417298,-74.1458389
1398,J0R1B0,45.8417298,-74.1458389
1407,J0R1B0,45.8417298,-74.1458389
1436,J0R1B0,45.8417298,-74.1458389
1509,J0R1B0,45.8417298,-74.1458389
1517,J0R1B0,45.8417298,-74.1458389
1669,J0R1B0,45.8417298,-74.1458389
1670,J0R1B0,45.8417298,-74.1458389
1760,J0R1B0,45.8417298,-74.1458389
2129,J0R1B0,45.8417298,-74.1458389
2204,J0R1B0,45.8417298,-74.1458389
2463,J0R1B0,45.8417298,-74.1458389
2466,J0R1B0,45.8417298,-74.1458389
124,J7Y4S6,45.7987154,-73.9881742
1051,J7Y4S6,45.7987154,-73.9881742
1290,J7Y4S6,45.7987154,-73.9881742
1318,J7Y4S6,45.7987154,-73.9881742
1633,J7Y4S6,45.7987154,-73.9881742
118,J7Y0K7,45.8133353,-74.0042864
422,J7Y0K7,45.8133353,-74.0042864
2139,J7Y0K7,45.8133353,-74.0042864
128,J7Y1H1,45.7987871,-74.0120003
138,H2W2J1,45.5181593,-73.5752226
120,J7Y0C9,45.8145823,-73.9970781
129,J7Y4K6,45.7987511,-74.00061199999999
132,J7Z1G5,45.7901082,-74.0023254
2206,J7Z1G5,45.7901082,-74.0023254
103,J7Z0J8,45.781171,-73.9789354
1228,J7Z0J8,45.781171,-73.9789354
137,J7Y0K2,45.8021279,-73.9944867
136,J7Y5A9,45.8061003,-74.0015258
168,J7Y5A9,45.8061003,-74.0015258
134,H1T2X1,45.5692262,-73.563857
127,J5L0G5,45.8042477,-74.05762829999999
217,J5L0G5,45.8042477,-74.05762829999999
130,J7Y0K6,45.7739841,-74.01701
126,J5L0A7,45.77473,-74.0615335
1951,J5L0A7,45.77473,-74.0615335
147,J5J1T5,45.8271148,-73.9456488
410,J5J1T5,45.8271148,-73.9456488
1394,J5J1T5,45.8271148,-73.9456488
155,J0V2B0,45.54051279999999,-74.2100833
364,J0V2B0,45.54051279999999,-74.2100833
140,J5J2V3,45.8026657,-73.9236663
775,J5J2V3,45.8026657,-73.9236663
175,J5L2L7,45.8113274,-74.0539999
188,J5L2L7,45.8113274,-74.0539999
1253,J5L2L7,45.8113274,-74.0539999
1254,J5L2L7,45.8113274,-74.0539999
1384,J5L2L7,45.8113274,-74.0539999
1836,J5L2L7,45.8113274,-74.0539999
159,J7Z0A1,45.7940597,-73.98749699999999
224,J7Y0P4,45.7770204,-74.0127597
354,J7Y0P4,45.7770204,-74.0127597
888,J7Y0P4,45.7770204,-74.0127597
1496,J7Y0P4,45.7770204,-74.0127597
2038,J7Y0P4,45.7770204,-74.0127597
2485,J7Y0P4,45.7770204,-74.0127597
185,J0N1P0,45.5289244,-73.9358254
192,J7N0W5,45.7432364,-74.0557158
152,J8H0V6,45.6429377,-74.3352851
151,J5L1E4,45.79911569999999,-74.0440374
391,J5L1E4,45.79911569999999,-74.0440374
145,J5J2T4,45.83202379999999,-73.9713438
227,J5J2T4,45.83202379999999,-73.9713438
1512,J5J2T4,45.83202379999999,-73.9713438
1871,J5J2T4,45.83202379999999,-73.9713438
2261,J5J2T4,45.83202379999999,-73.9713438
149,J8H0T8,45.6430077,-74.3725257
2055,J8H0T8,45.6430077,-74.3725257
221,J7J0G7,45.68263340000001,-73.9229546
162,J8H0K1,45.6455868,-74.3714964
237,J8H0K1,45.6455868,-74.3714964
200,J5K0N3,45.7110439,-74.11080199999999
146,J7Z0A3,45.7909577,-73.9976518
1749,J7Z0A3,45.7909577,-73.9976518
2253,J7Z0A3,45.7909577,-73.9976518
2329,J7Z0A3,45.7909577,-73.9976518
153,J7Z5H3,45.7677132,-73.99602759999999
245,J7Z5H3,45.7677132,-73.99602759999999
255,J7Z5H3,45.7677132,-73.99602759999999
2311,J7Z5H3,45.7677132,-73.99602759999999
143,H1H0C3,45.5912341,-73.65017639999999
142,J7E5N8,45.6461443,-73.85185589999999
213,J5K1W4,45.753431,-74.10167270000001
549,J5K1W4,45.753431,-74.10167270000001
772,J5K1W4,45.753431,-74.10167270000001
823,J5K1W4,45.753431,-74.10167270000001
879,J5K1W4,45.753431,-74.10167270000001
1947,J5K1W4,45.753431,-74.10167270000001
1980,J5K1W4,45.753431,-74.10167270000001
1981,J5K1W4,45.753431,-74.10167270000001
1988,J5K1W4,45.753431,-74.10167270000001
160,J8A3C9,45.93623969999999,-74.03788449999999
166,J8A1C5,45.8668226,-73.9891032
1127,J8A1C5,45.8668226,-73.9891032
187,J0T2B0,45.9630436,-74.3849791
489,J0T2B0,45.9630436,-74.3849791
1630,J0T2B0,45.9630436,-74.3849791
1838,J0T2B0,45.9630436,-74.3849791
2048,J0T2B0,45.9630436,-74.3849791
150,J5J0H3,45.8177292,-73.88895649999999
164,J7Z3N5,45.781946,-73.98566
206,J7Z3N5,45.781946,-73.98566
275,J7Z3N5,45.781946,-73.98566
329,J7Z3N5,45.781946,-73.98566
144,J7Z5Y6,45.771401,-73.9867969
161,J5J2H1,45.8479654,-73.97644129999999
180,J7Z7J1,45.77276519999999,-73.9746071
165,J7Y4K7,45.7986661,-74.0010795
177,H8P2B4,45.4357155,-73.5961949
197,J7Y2B3,45.7831334,-74.0130214
163,J5N3J7,45.769379,-73.8059233
211,J5L0M9,45.79088669999999,-74.03535819999999
1434,J5L0M9,45.79088669999999,-74.03535819999999
2394,J5L0M9,45.79088669999999,-74.03535819999999
173,J7N3W6,45.7514574,-74.0633395
170,J7G3C9,45.6190341,-73.8309882
156,J7N1N8,45.7095361,-74.0895632
1590,J7N1N8,45.7095361,-74.0895632
154,J8A1J7,45.86881229999999,-74.0093569
157,J7N1K1,45.7167241,-74.0825435
195,J7Z5S8,45.7683394,-74.006755
1560,J7Z5S8,45.7683394,-74.006755
191,J7Z5Y3,45.7871586,-73.9881095
174,J7Z6X9,45.7937064,-73.9977492
171,J7J0E1,45.7092941,-73.90694739999999
184,J5L1Y4,45.79534899999999,-74.04744699999999
601,J5L1Y4,45.79534899999999,-74.04744699999999
966,J5L1Y4,45.79534899999999,-74.04744699999999
1685,J5L1Y4,45.79534899999999,-74.04744699999999
167,J5M0X5,45.8255579,-73.7572529
189,J5M0X5,45.8255579,-73.7572529
172,J7Z6V6,45.7581351,-73.9721326
420,J7Z6V6,45.7581351,-73.9721326
1212,J7Z6V6,45.7581351,-73.9721326
190,J5J2E6,45.8297191,-73.97329739999999
210,J7Z0C2,45.7806124,-73.97742459999999
1226,J7Z0C2,45.7806124,-73.97742459999999
1470,J7Z0C2,45.7806124,-73.97742459999999
1532,J7Z0C2,45.7806124,-73.97742459999999
2384,J7Z0C2,45.7806124,-73.97742459999999
196,J5L1J6,45.80247749999999,-74.0462984
225,J5J0H7,45.8115823,-73.97722279999999
318,J5J0H7,45.8115823,-73.97722279999999
1231,J5J0H7,45.8115823,-73.97722279999999
1473,J5J0H7,45.8115823,-73.97722279999999
2397,J5J0H7,45.8115823,-73.97722279999999
182,J5L0K4,45.78791469999999,-74.0347584
1012,J5L0K4,45.78791469999999,-74.0347584
1214,J5L0K4,45.78791469999999,-74.0347584
1620,J5L0K4,45.78791469999999,-74.0347584
183,J7Z3B1,45.766416,-73.9832773
473,J7Z3B1,45.766416,-73.9832773
942,J7Z3B1,45.766416,-73.9832773
1315,J7Z3B1,45.766416,-73.9832773
205,J5K1B7,45.7699965,-74.0709239
214,J5M0C6,45.8127432,-73.7392615
222,J0R1R5,45.8848166,-74.1665423
2260,J0R1R5,45.8848166,-74.1665423
2376,J0R1R5,45.8848166,-74.1665423
186,J7Y4W7,45.8134804,-73.9840941
1342,J7Y4W7,45.8134804,-73.9840941
2153,J7Y4W7,45.8134804,-73.9840941
178,J7M2C1,45.7756766,-73.7041038
209,J7Z3K1,45.77720960000001,-73.9838798
201,J7Z2K4,45.7722085,-74.00673259999999
208,J8A1C4,45.8582625,-74.00156679999999
1717,J8A1C4,45.8582625,-74.00156679999999
218,J8G1N5,45.635213,-74.39468389999999
235,J7Y3A6,45.772031,-74.01185459999999
204,J7Y3C3,45.7860488,-74.01375639999999
198,J5M0J6,45.85902710000001,-73.76027359999999
1216,J5M0J6,45.85902710000001,-73.76027359999999
223,J5J2B1,45.8245598,-73.9691354
2480,J5J2B1,45.8245598,-73.9691354
203,J7N3G4,45.7102403,-74.0774836
194,J7Y0G7,45.8010106,-73.9914635
400,J7Y0G7,45.8010106,-73.9914635
2226,J7Y0G7,45.8010106,-73.9914635
230,J7Y4T1,45.8024492,-74.00362009999999
486,J7Y4T1,45.8024492,-74.00362009999999
216,J7Z3V1,45.78678540000001,-73.9934524
233,J7Y0B9,45.7835401,-74.0052556
991,J7Y0B9,45.7835401,-74.0052556
992,J7Y0B9,45.7835401,-74.0052556
1000,J7Y0B9,45.7835401,-74.0052556
1001,J7Y0B9,45.7835401,-74.0052556
1168,J7Y0B9,45.7835401,-74.0052556
1771,J7Y0B9,45.7835401,-74.0052556
2332,J7Y0B9,45.7835401,-74.0052556
219,J8C2R2,46.04192020000001,-74.2831741
232,J7Z7B8,45.79159,-73.98828689999999
724,J7Z7B8,45.79159,-73.98828689999999
1096,J7Z7B8,45.79159,-73.98828689999999
226,J5M1Z9,45.8615384,-73.851
228,J5L2H3,45.8002439,-74.04129999999999
477,J5L2H3,45.8002439,-74.04129999999999
480,J5L2H3,45.8002439,-74.04129999999999
485,J5L2H3,45.8002439,-74.04129999999999
524,J5L2H3,45.8002439,-74.04129999999999
231,J7V4V1,45.3993872,-73.95220139999999
229,J8B2S7,45.9403426,-74.1479951
238,J7J2T4,45.7110145,-73.92520019999999
2409,J7J2T4,45.7110145,-73.92520019999999
2410,J7J2T4,45.7110145,-73.92520019999999
236,J7Z0A8,45.7781584,-73.967739
268,J7Z0A8,45.7781584,-73.967739
860,J7Z0A8,45.7781584,-73.967739
1993,J7Z0A8,45.7781584,-73.967739
257,J5K0G3,45.72376389999999,-74.127741
250,J7Y5H3,45.8088723,-73.9879972
465,J7Y5H3,45.8088723,-73.9879972
701,J7Y5H3,45.8088723,-73.9879972
806,J7Y5H3,45.8088723,-73.9879972
845,J7Y5H3,45.8088723,-73.9879972
971,J7Y5H3,45.8088723,-73.9879972
2189,J7Y5H3,45.8088723,-73.9879972
270,J5K2V8,45.717906,-74.13774120000001
253,J0N1H0,45.4920906,-73.9888191
576,J0N1H0,45.4920906,-73.9888191
1072,J0N1H0,45.4920906,-73.9888191
1259,J0N1H0,45.4920906,-73.9888191
1442,J0N1H0,45.4920906,-73.9888191
1768,J0N1H0,45.4920906,-73.9888191
242,J7Z7C4,45.7664841,-73.9752864
1464,J7Z7C4,45.7664841,-73.9752864
248,J6X0K4,45.71182599999999,-73.65297369999999
251,J5L0E5,45.8003289,-74.0535933
244,J5K1W1,45.75434,-74.0973977
699,J5K1W1,45.75434,-74.0973977
239,J7Z2N6,45.7716064,-73.9982916
249,J7P2B4,45.5641576,-73.9026054
241,J7Z0G7,45.7898043,-73.9821936
957,J7Z0G7,45.7898043,-73.9821936
2167,J7Z0G7,45.7898043,-73.9821936
2390,J7Z0G7,45.7898043,-73.9821936
2442,J7Z0G7,45.7898043,-73.9821936
254,H7P5R4,45.5687879,-73.79717269999999
258,J7Y0M3,45.7917665,-74.01602439999999
609,J7Y0M3,45.7917665,-74.01602439999999
2196,J7Y0M3,45.7917665,-74.01602439999999
2335,J7Y0M3,45.7917665,-74.01602439999999
2461,J7Y0M3,45.7917665,-74.01602439999999
246,J7J0V2,45.675074,-73.9278349
1452,J7J0V2,45.675074,-73.9278349
256,J7Z7C1,45.7660429,-73.97009849999999
1501,J7Z7C1,45.7660429,-73.97009849999999
271,J7Y4R5,45.8087373,-74.0018977
858,J7Y4R5,45.8087373,-74.0018977
262,J5M0G4,45.8235379,-73.75800939999999
1739,J5M0G4,45.8235379,-73.75800939999999
267,J7Y0L9,45.7992214,-73.9874648
266,J5K2N8,45.70834550000001,-74.1142143
259,J7Z0K5,45.7846529,-73.9759404
260,J7Z0K5,45.7846529,-73.9759404
265,J5L2S3,45.7906985,-74.044669
296,J7Y0B1,45.765465,-74.01478159999999
294,J7Z7B3,45.7922575,-73.9918816
243,J5J0B8,45.850075,-73.87487469999999
974,J5J0B8,45.850075,-73.87487469999999
1102,J5J0B8,45.850075,-73.87487469999999
261,J7Y0H4,45.8011804,-73.9905283
1729,J7Y0H4,45.8011804,-73.9905283
1730,J7Y0H4,45.8011804,-73.9905283
2042,J7Y0H4,45.8011804,-73.9905283
2201,J7Y0H4,45.8011804,-73.9905283
276,J7C5J1,45.6699005,-73.8903789
273,H2K3R2,45.5319173,-73.55977349999999
272,J7Y0N1,45.8003161,-73.9871504
287,J0T2G0,46.0635212,-74.4760258
2137,J0T2G0,46.0635212,-74.4760258
2146,J0T2G0,46.0635212,-74.4760258
274,J7N2Z9,45.6496344,-74.1947866
299,J5J1K4,45.8194103,-73.8942821
288,J7G1W4,45.6091991,-73.83784059999999
278,J7Y4T3,45.7706741,-74.0177565
1319,J7Y4T3,45.7706741,-74.0177565
343,J5N4M5,45.76873699999999,-73.8145885
285,J7E4W3,45.6541068,-73.87285609999999
286,J7G2J6,45.6156252,-73.8268002
308,G0J2K0,48.87802079999999,-67.3185226
338,J7Y4N6,45.8054388,-74.0255615
2100,J7Y4N6,45.8054388,-74.0255615
252,J7Z4R7,45.7660052,-73.9947065
282,J7Z2K3,45.77215409999999,-74.0058225
284,J0V1K0,45.7587404,-74.24624090000002
887,J0V1K0,45.7587404,-74.24624090000002
987,J0V1K0,45.7587404,-74.24624090000002
1570,J0V1K0,45.7587404,-74.24624090000002
1899,J0V1K0,45.7587404,-74.24624090000002
2085,J0V1K0,45.7587404,-74.24624090000002
279,J7Z4N3,45.7861061,-73.99719120000002
277,J7Z7E5,45.7930304,-73.99939309999999
644,J7Z7E5,45.7930304,-73.99939309999999
667,J7Z7E5,45.7930304,-73.99939309999999
281,J5K1V8,45.7512312,-74.08622820000001
1326,J5K1V8,45.7512312,-74.08622820000001
331,J8B1S9,45.9535998,-74.1201157
295,J7N3V9,45.7017989,-74.1028333
311,J5K1M5,45.75805039999999,-74.0936124
341,J5A0H6,45.3708608,-73.5927516
356,J0T1M0,46.169802,-74.7515542
291,J5L0J3,45.7923627,-74.0531282
280,J7Y3C5,45.7861586,-74.0150535
2418,J7Y3C5,45.7861586,-74.0150535
2438,J7Y3C5,45.7861586,-74.0150535
300,J5L2L2,45.80843489999999,-74.0422628
363,J5L2L2,45.80843489999999,-74.0422628
512,J5L2L2,45.80843489999999,-74.0422628
1851,J5L2L2,45.80843489999999,-74.0422628
2079,J5L2L2,45.80843489999999,-74.0422628
2151,J5L2L2,45.80843489999999,-74.0422628
324,J7Y5L1,45.8081183,-74.002881
321,J5L1S2,45.8071821,-74.0505118
340,J5L1S2,45.8071821,-74.0505118
1900,J5L1S2,45.8071821,-74.0505118
309,J7Z1K7,45.7860185,-73.9992298
376,J7Z1K7,45.7860185,-73.9992298
303,J7Y0R1,45.7749399,-74.0157302
407,J7Y0R1,45.7749399,-74.0157302
2170,J7Y0R1,45.7749399,-74.0157302
332,J7Z4P6,45.7809726,-73.9979393
1413,J7Z4P6,45.7809726,-73.9979393
1700,J7Z4P6,45.7809726,-73.9979393
315,J5Y3S3,45.7769388,-73.4166798
330,J7Z0B1,45.7808508,-73.9674473
326,J5J2S8,45.8367176,-73.9870959
560,J5J2S8,45.8367176,-73.9870959
2060,J5J2S8,45.8367176,-73.9870959
312,J5M0C3,45.8357689,-73.751089
313,J5M0C3,45.8357689,-73.751089
1387,J5M0C3,45.8357689,-73.751089
323,J7C4V7,45.6800265,-73.8933101
325,J8C2M9,46.054028,-74.2819116
301,J8B2H9,45.9521294,-74.2204994
353,J7K3M8,45.7311602,-73.6087956
334,J5J2L8,45.8344561,-73.9967782
316,J9L0B2,46.5584164,-75.58873539999999
357,J0N1E0,45.5017133,-74.0729668
920,J0N1E0,45.5017133,-74.0729668
305,J0R1R1,45.8558755,-74.2113698
663,J0R1R1,45.8558755,-74.2113698
817,J0R1R1,45.8558755,-74.2113698
1130,J0R1R1,45.8558755,-74.2113698
1150,J0R1R1,45.8558755,-74.2113698
1680,J0R1R1,45.8558755,-74.2113698
1860,J0R1R1,45.8558755,-74.2113698
1923,J0R1R1,45.8558755,-74.2113698
2393,J0R1R1,45.8558755,-74.2113698
333,J7Y1B9,45.8111264,-74.0153946
1493,J7Y1B9,45.8111264,-74.0153946
346,J5K2W2,45.74931,-74.0919162
1249,J5K2W2,45.74931,-74.0919162
1797,J5K2W2,45.74931,-74.0919162
352,J5K1R1,45.7828453,-74.1634066
1469,J5K1R1,45.7828453,-74.1634066
1484,J5K1R1,45.7828453,-74.1634066
304,J7Z2S3,45.7687927,-74.0040896
941,J7Z2S3,45.7687927,-74.0040896
365,J5K2E3,45.729287,-74.0770433
925,J5K2E3,45.729287,-74.0770433
328,J0T1T0,46.5161984,-74.9922655
833,J0T1T0,46.5161984,-74.9922655
1218,J0T1T0,46.5161984,-74.9922655
1286,J0T1T0,46.5161984,-74.9922655
1370,J0T1T0,46.5161984,-74.9922655
1576,J0T1T0,46.5161984,-74.9922655
1587,J0T1T0,46.5161984,-74.9922655
2064,J0T1T0,46.5161984,-74.9922655
2422,J0T1T0,46.5161984,-74.9922655
348,J5J2G2,45.86449469999999,-73.96652019999999
630,J5J2G2,45.86449469999999,-73.96652019999999
634,J5J2G2,45.86449469999999,-73.96652019999999
657,J5J2G2,45.86449469999999,-73.96652019999999
347,J7Z3J2,45.7591995,-73.97267169999999
1422,J7Z3J2,45.7591995,-73.97267169999999
2021,J7Z3J2,45.7591995,-73.97267169999999
319,J7Y2L7,45.7747659,-74.0187581
2327,J7Y2L7,45.7747659,-74.0187581
358,J0W1C0,47.2302842,-75.4511441
1508,J0W1C0,47.2302842,-75.4511441
292,J7Z4Y2,45.7905553,-74.0033248
1416,J7Z4Y2,45.7905553,-74.0033248
1446,J7Z4Y2,45.7905553,-74.0033248
2252,J7Z4Y2,45.7905553,-74.0033248
2491,J7Z4Y2,45.7905553,-74.0033248
350,J7Y3C4,45.7868328,-74.0144578
362,J7Z3Z2,45.7740587,-73.99050249999999
345,J7Z2P4,45.7717645,-74.0041632
339,J7Z2H4,45.7747829,-73.9934348
351,J7Z2H4,45.7747829,-73.9934348
355,J7Z2S1,45.769966,-74.00644969999999
908,J7Z2S1,45.769966,-74.00644969999999
320,J7Y2C2,45.781699,-74.01520339999999
314,J7Y4W1,45.8002061,-74.0028131
1157,J7Y4W1,45.8002061,-74.0028131
1158,J7Y4W1,45.8002061,-74.0028131
297,J5J1Y9,45.81615780000001,-73.955101
307,J5J1Y9,45.81615780000001,-73.955101
310,J7Z0G3,45.7957427,-73.9875776
1435,J7Z0G3,45.7957427,-73.9875776
337,J6V1B4,45.7037448,-73.55569299999999
361,J7J1C5,45.7028411,-73.92322
342,J7Z0A2,45.7919109,-73.9979421
2280,J7Z0A2,45.7919109,-73.9979421
2300,J7Z0A2,45.7919109,-73.9979421
302,J7Z6T4,45.7583479,-73.979961
1787,J7Z6T4,45.7583479,-73.979961
1788,J7Z6T4,45.7583479,-73.979961
344,J2B2G4,45.8675191,-72.4746676
367,J7C4M7,45.6842823,-73.8891783
336,J5L1E1,45.797154,-74.0430677
360,J7Y0N5,45.801658,-73.9901495
1169,J7Y0N5,45.801658,-73.9901495
1530,J7Y0N5,45.801658,-73.9901495
1531,J7Y0N5,45.801658,-73.9901495
366,J5L2N8,45.8085307,-74.0951233
370,J5K0J7,45.7580306,-74.0572859
1443,J5K0J7,45.7580306,-74.0572859
368,J0K2T0,45.9861072,-73.7262248
818,J0K2T0,45.9861072,-73.7262248
1067,J0K2T0,45.9861072,-73.7262248
1262,J0K2T0,45.9861072,-73.7262248
1337,J0K2T0,45.9861072,-73.7262248
1460,J0K2T0,45.9861072,-73.7262248
1547,J0K2T0,45.9861072,-73.7262248
1649,J0K2T0,45.9861072,-73.7262248
1741,J0K2T0,45.9861072,-73.7262248
2080,J0K2T0,45.9861072,-73.7262248
2477,J0K2T0,45.9861072,-73.7262248
371,J7Y1B1,45.8127661,-74.0088012
1263,J7Y1B1,45.8127661,-74.0088012
372,J7Y0B4,45.7640104,-74.013106
1603,J7Y0B4,45.7640104,-74.013106
2190,J7Y0B4,45.7640104,-74.013106
373,J5L1H4,45.7978906,-74.0397176
935,J5L1H4,45.7978906,-74.0397176
1131,J5L1H4,45.7978906,-74.0397176
387,J8B1S4,45.9642309,-74.1037783
396,J5L0C6,45.7918679,-74.0486012
395,J7Z3N4,45.7827024,-73.9861676
392,J0V1J0,45.62572,-74.59550240000002
788,J0V1J0,45.62572,-74.59550240000002
795,J0V1J0,45.62572,-74.59550240000002
397,J0K1K0,46.0936015,-73.4590419
405,J8H0S2,45.7130662,-74.32683349999999
1909,J8H0S2,45.7130662,-74.32683349999999
1910,J8H0S2,45.7130662,-74.32683349999999
1911,J8H0S2,45.7130662,-74.32683349999999
1912,J8H0S2,45.7130662,-74.32683349999999
1913,J8H0S2,45.7130662,-74.32683349999999
1914,J8H0S2,45.7130662,-74.32683349999999
374,J8C3E2,46.0477438,-74.2741271
381,G7A1A6,46.7387401,-71.29453699999999
403,J8A1C9,45.8689877,-73.9681343
1740,J8A1C9,45.8689877,-73.9681343
2004,J8A1C9,45.8689877,-73.9681343
375,J7R7K1,45.5745681,-73.9328602
394,J6Z1S7,45.6609179,-73.77139120000001
386,J9L1Z2,46.5546246,-75.49066859999999
398,J0T1G0,45.9933849,-74.67483229999999
1711,J0T1G0,45.9933849,-74.67483229999999
385,J7N0C1,45.69918819999999,-74.10525849999999
401,J8C0R7,46.0563772,-74.2546792
409,J7N1N3,45.7087777,-74.07998669999999
389,J7Z2N5,45.771938,-74.0011349
2246,J7Z2N5,45.771938,-74.0011349
2290,J7Z2N5,45.771938,-74.0011349
2361,J7Z2N5,45.771938,-74.0011349
379,J5L2B1,45.7827402,-74.0878865
1175,J5L2B1,45.7827402,-74.0878865
382,J8H1W8,45.6430055,-74.3433265
1972,J8H1W8,45.6430055,-74.3433265
2143,J8H1W8,45.6430055,-74.3433265
402,J6Z0A6,45.658148,-73.769548
399,J7J1E7,45.6981411,-73.92007509999999
412,J7Y2X7,45.7880171,-74.01105869999999
2008,J7Y2X7,45.7880171,-74.01105869999999
408,H7L2K6,45.6183213,-73.7796504
404,J5K1S1,45.7449114,-74.10151909999999
757,J5K1S1,45.7449114,-74.10151909999999
794,J5K1S1,45.7449114,-74.10151909999999
390,H7H0B5,45.6379054,-73.7689817
406,J6Z2Y4,45.6707984,-73.7830264
417,J3L3C2,45.4361274,-73.2874894
414,J7Y5C1,45.801782,-74.0000247
928,J7Y5C1,45.801782,-74.0000247
1104,J7Y5C1,45.801782,-74.0000247
1172,J7Y5C1,45.801782,-74.0000247
1688,J7Y5C1,45.801782,-74.0000247
393,J5L2S2,45.7679071,-74.056051
765,J5L2S2,45.7679071,-74.056051
2180,J5L2S2,45.7679071,-74.056051
411,J8B2R1,45.9483217,-74.1344446
419,J7J1J2,45.6989198,-73.9254807
413,J7Z6K9,45.7686021,-73.98369579999999
416,J7Z1L6,45.7852049,-73.9993827
426,J0T1L0,46.0653277,-74.07217109999999
893,J0T1L0,46.0653277,-74.07217109999999
1437,J0T1L0,46.0653277,-74.07217109999999
1690,J0T1L0,46.0653277,-74.07217109999999
1818,J0T1L0,46.0653277,-74.07217109999999
1819,J0T1L0,46.0653277,-74.07217109999999
2052,J0T1L0,46.0653277,-74.07217109999999
429,J7N3C4,45.7446125,-74.0419794
435,J5L1J8,45.7523762,-74.0283425
430,J8H1Y8,45.6582388,-74.3300155
439,J5K2C7,45.7197952,-74.10623439999999
562,J5K2C7,45.7197952,-74.10623439999999
674,J5K2C7,45.7197952,-74.10623439999999
675,J5K2C7,45.7197952,-74.10623439999999
676,J5K2C7,45.7197952,-74.10623439999999
779,J5K2C7,45.7197952,-74.10623439999999
986,J5K2C7,45.7197952,-74.10623439999999
989,J5K2C7,45.7197952,-74.10623439999999
437,J5L1P3,45.79902939999999,-74.03174299999999
591,J5L1P3,45.79902939999999,-74.03174299999999
442,J7Y1K2,45.7952096,-74.0045276
454,J7Y1K2,45.7952096,-74.0045276
1265,J7Y1K2,45.7952096,-74.0045276
428,J7Y4Y1,45.8070826,-73.9839977
636,J7Y4Y1,45.8070826,-73.9839977
431,J5J2J9,45.8518723,-73.9930716
1027,J5J2J9,45.8518723,-73.9930716
1580,J5J2J9,45.8518723,-73.9930716
432,J7Y1Z8,45.7854119,-74.0093089
421,J7Z4E6,45.7721496,-73.9920168
1292,J7Z4E6,45.7721496,-73.9920168
418,J8A0B9,45.90259229999999,-74.0411886
433,J7Z3R6,45.7855853,-73.98985019999999
665,J7Z3R6,45.7855853,-73.98985019999999
702,J7Z3R6,45.7855853,-73.98985019999999
443,J7Z3B6,45.7647896,-73.9835837
1031,J7Z3B6,45.7647896,-73.9835837
434,J7Z7J5,45.7929785,-73.9969108
425,J7Y3P6,45.8091162,-74.0098469
1450,J7Y3P6,45.8091162,-74.0098469
444,J7Y3P8,45.808499,-74.009782
427,J5L0C5,45.7916975,-74.0495351
2187,J5L0C5,45.7916975,-74.0495351
2188,J5L0C5,45.7916975,-74.0495351
441,H7P1A6,45.58090840000001,-73.8275137
438,J7Z3J1,45.76205359999999,-73.97615809999999
482,J7C5B4,45.70633340000001,-73.8969401
436,J8B2K5,45.9164448,-74.1598925
542,J8B2K5,45.9164448,-74.1598925
460,J8B2X2,45.9346129,-74.20863589999999
478,J7N1J1,45.7445938,-74.0503452
456,J7Z7L4,45.778949,-73.9637249
1475,J7Z7L4,45.778949,-73.9637249
453,J5L2H9,45.7949248,-74.0359756
461,J5L2H9,45.7949248,-74.0359756
1023,J5L2H9,45.7949248,-74.0359756
501,J0V1X0,45.57570920000001,-74.3227094
959,J0V1X0,45.57570920000001,-74.3227094
1152,J0V1X0,45.57570920000001,-74.3227094
1314,J0V1X0,45.57570920000001,-74.3227094
1390,J0V1X0,45.57570920000001,-74.3227094
1785,J0V1X0,45.57570920000001,-74.3227094
2023,J0V1X0,45.57570920000001,-74.3227094
2356,J0V1X0,45.57570920000001,-74.3227094
2420,J0V1X0,45.57570920000001,-74.3227094
450,J7Y0L3,45.8042504,-74.0305324
469,J5L1Z8,45.7659402,-74.0297729
446,J5L1C1,45.8014091,-74.0473279
468,J5L1C1,45.8014091,-74.0473279
447,J7Z1N6,45.78268019999999,-73.9997848
2144,J7Z1N6,45.78268019999999,-73.9997848
457,J7E5V7,45.6466457,-73.8595098
445,J7Z2T6,45.76824140000001,-73.99865319999999
670,J7Z2T6,45.76824140000001,-73.99865319999999
874,J7Z2T6,45.76824140000001,-73.99865319999999
472,J5L1G3,45.810201,-74.05568989999999
1565,J5L1G3,45.810201,-74.05568989999999
1592,J5L1G3,45.810201,-74.05568989999999
459,J7Y0A9,45.8026214,-74.0313605
471,J7H1A7,45.62143349999999,-73.8574934
487,J7Y0P3,45.80207840000001,-73.9904317
448,J5K2R5,45.7104522,-74.1557246
590,J5K2R5,45.7104522,-74.1557246
683,J5K2R5,45.7104522,-74.1557246
783,J5K2R5,45.7104522,-74.1557246
476,J7Y4W2,45.8116553,-74.0021086
584,J7Y4W2,45.8116553,-74.0021086
660,J7Y4W2,45.8116553,-74.0021086
2247,J7Y4W2,45.8116553,-74.0021086
483,J0T1K0,46.0377121,-74.9295965
462,J5J2P3,45.80486579999999,-73.9643212
494,J7R6L8,45.5860715,-73.932901
1208,J7R6L8,45.5860715,-73.932901
479,J8B1J4,45.9377617,-74.1174922
516,J8B1J4,45.9377617,-74.1174922
452,J7Z2A4,45.7769945,-73.9956183
2444,J7Z2A4,45.7769945,-73.9956183
466,J7J2H9,45.7054789,-73.9162612
500,J7Y1A3,45.8178191,-74.007998
530,J7Y1A3,45.8178191,-74.007998
1758,J7Y1A3,45.8178191,-74.007998
2350,J7Y1A3,45.8178191,-74.007998
493,J7Z6X1,45.7607124,-73.9731623
557,J7Z6X1,45.7607124,-73.9731623
510,J7Y4M5,45.7649688,-74.0102562
496,J7Y4L1,45.7975196,-73.9989109
566,J7Y4L1,45.7975196,-73.9989109
692,J7Y4L1,45.7975196,-73.9989109
504,J7Z3H5,45.7673196,-73.9789917
624,J7Z3H5,45.7673196,-73.9789917
498,J7N2G9,45.637165,-74.02629019999999
1805,J7N2G9,45.637165,-74.02629019999999
509,J7Z6H9,45.7693257,-73.9871515
739,J7Z6H9,45.7693257,-73.9871515
740,J7Z6H9,45.7693257,-73.9871515
495,J5K1E5,45.76627,-74.080989
613,J5K1E5,45.76627,-74.080989
999,J5K1E5,45.76627,-74.080989
1636,J5K1E5,45.76627,-74.080989
511,J5L1B9,45.7707803,-74.04769809999999
484,J8H3B8,45.6577358,-74.3453238
488,J5L2R3,45.7996177,-74.0454238
1144,J5L2R3,45.7996177,-74.0454238
474,J7Z5L6,45.7807942,-74.0038486
541,J5L0C7,45.7551605,-74.0371976
513,J7Z1K1,45.7864352,-74.0016069
467,J7Y2X8,45.7875109,-74.0117674
2473,J7Y2X8,45.7875109,-74.0117674
528,J7C5G6,45.6976004,-73.8952892
492,J7Z6Y6,45.7691728,-73.9770899
514,J7Z6Y6,45.7691728,-73.9770899
554,J7Z6Y6,45.7691728,-73.9770899
506,J7Y0R5,45.8033682,-73.9909478
536,J5L2S8,45.7987633,-74.0511418
491,J7Y5J3,45.80512,-74.0005177
895,J7Y5J3,45.80512,-74.0005177
475,J5L1K2,45.78698989999999,-74.0474175
497,J7Z2N7,45.7705799,-74.0080849
741,J7Z2N7,45.7705799,-74.0080849
518,J7Y1V7,45.7911563,-74.0122935
861,J7Y1V7,45.7911563,-74.0122935
455,G0W1H0,49.2616308,-74.81491489999999
517,J5L1R2,45.78688409999999,-74.0445505
540,J5K2C9,45.71566019999999,-74.10275229999999
534,J5L1W5,45.7658123,-74.0373718
537,J8G1Y9,45.6378233,-74.3884657
546,J5J1W8,45.8281046,-73.9631138
2028,J5J1W8,45.8281046,-73.9631138
519,J7Z6W9,45.7599293,-73.9719384
700,J7Z6W9,45.7599293,-73.9719384
553,J7Y4L4,45.7977484,-73.99626719999999
1029,J7Y4L4,45.7977484,-73.99626719999999
532,J7Z5J4,45.7748814,-74.0015385
527,J0T2R0,46.0181773,-74.1528683
844,J0T2R0,46.0181773,-74.1528683
1931,J0T2R0,46.0181773,-74.1528683
2389,J0T2R0,46.0181773,-74.1528683
531,J5J2K4,45.84468649999999,-73.99069659999999
533,J5L1L2,45.7908056,-74.0709534
545,J7Z6V9,45.7803794,-73.9832105
612,J7Z6V9,45.7803794,-73.9832105
529,J5J2T3,45.80889699999999,-73.9712231
548,J5J2T3,45.80889699999999,-73.9712231
2082,J5J2T3,45.80889699999999,-73.9712231
547,J5J1K1,45.8218821,-73.890335
705,J5J1K1,45.8218821,-73.890335
726,J5J1K1,45.8218821,-73.890335
1021,J5J1K1,45.8218821,-73.890335
544,J5L1E7,45.7829617,-74.04261199999999
550,J7Z3Z8,45.7706641,-73.9917187
951,J7Z3Z8,45.7706641,-73.9917187
520,J8A0A2,45.8789616,-73.9888477
1545,J8A0A2,45.8789616,-73.9888477
525,J5L0C4,45.79147589999999,-74.04784529999999
764,J5L0C4,45.79147589999999,-74.04784529999999
855,J5L0C4,45.79147589999999,-74.04784529999999
1535,J5L0C4,45.79147589999999,-74.04784529999999
1624,J5L0C4,45.79147589999999,-74.04784529999999
523,J5L1G2,45.7491239,-74.0289509
1447,J5L1G2,45.7491239,-74.0289509
552,J8A3P9,45.8638415,-74.0235287
727,J8A3P9,45.8638415,-74.0235287
572,J7Z6G8,45.767868,-73.9870469
653,J7Z6G8,45.767868,-73.9870469
659,J7Z6G8,45.767868,-73.9870469
526,J5L2P7,45.7852215,-74.035045
551,J5L2P7,45.7852215,-74.035045
1099,J5L2P7,45.7852215,-74.035045
1399,J5L2P7,45.7852215,-74.035045
2421,J5L2P7,45.7852215,-74.035045
570,J7J0Y7,45.7064493,-73.9266816
2274,J7J0Y7,45.7064493,-73.9266816
2359,J7J0Y7,45.7064493,-73.9266816
568,J5L1L7,45.7737369,-74.0545772
569,J5L1L7,45.7737369,-74.0545772
622,J5L1L7,45.7737369,-74.0545772
648,J5L1L7,45.7737369,-74.0545772
738,J5L1L7,45.7737369,-74.0545772
556,J5J0H5,45.8516294,-74.0041138
555,J7Z2G9,45.7738481,-73.9990976
567,J7Z3X2,45.7650922,-73.9872807
571,J7E3S6,45.6380376,-73.8476672
565,J8H3W1,45.6445721,-74.36316049999999
677,J8H3W1,45.6445721,-74.36316049999999
563,J7Z0J9,45.7858718,-73.9860223
577,J5K1C4,45.7637199,-74.0694943
578,J5J0A6,45.8246329,-73.9558851
641,J5J0A6,45.8246329,-73.9558851
697,J5J0A6,45.8246329,-73.9558851
580,J7Y1W4,45.78947160000001,-74.0132592
949,J7Y1W4,45.78947160000001,-74.0132592
522,J7N3N7,45.7477587,-74.0385081
575,J5L0N9,45.79240799999999,-74.0321862
521,J5M1K8,45.8988267,-73.7752295
579,J5J0G8,45.8225206,-73.9369689
586,J5L0C8,45.749672,-74.03490579999999
585,J7Z0L3,45.7719495,-73.9943286
1759,J7Z0L3,45.7719495,-73.9943286
2164,J7Z0L3,45.7719495,-73.9943286
587,J5L2P9,45.7697377,-74.03721569999999
1116,J5L2P9,45.7697377,-74.03721569999999
616,J0T2M0,45.90129959999999,-74.4661136
809,J0T2M0,45.90129959999999,-74.4661136
605,J7Y1Y4,45.7870315,-74.0131931
1997,J7Y1Y4,45.7870315,-74.0131931
631,J8A3R3,45.8672205,-74.0194961
2191,J8A3R3,45.8672205,-74.0194961
623,J7Y1G2,45.8002428,-74.01367770000002
933,J7Y1G2,45.8002428,-74.01367770000002
627,J7Y4R7,45.8129453,-74.0026252
1247,J7Y4R7,45.8129453,-74.0026252
614,J7Y1X5,45.7824917,-74.01119229999999
611,H4G3H2,45.4708789,-73.56574839999999
617,J8A3E1,45.93443420000001,-74.0401777
1010,J8A3E1,45.93443420000001,-74.0401777
588,J5J2R9,45.8313984,-73.92891600000002
2125,J5J2R9,45.8313984,-73.92891600000002
592,J7Y0E1,45.7611838,-74.0251797
619,J5J2K7,45.84647229999999,-73.9978481
607,J7Z2E1,45.77596279999999,-73.9921299
730,J7Z2E1,45.77596279999999,-73.9921299
583,J7Y0E7,45.8065706,-74.0207269
2373,J7Y0E7,45.8065706,-74.0207269
664,J5L0H3,45.8066131,-74.0539752
694,J5L0H3,45.8066131,-74.0539752
1713,J5L0H3,45.8066131,-74.0539752
599,J8C3M6,46.0614386,-74.284135
621,J7J0V1,45.6758556,-73.9295783
632,J7Z3L6,45.7760874,-73.9842626
589,J5Y1R2,45.7685641,-73.43044309999999
628,J7Z0E4,45.7626889,-73.9996425
712,J7Z0E4,45.7626889,-73.9996425
835,J7Z0E4,45.7626889,-73.9996425
608,J7Z3V3,45.7848238,-73.99248519999999
642,H4R1G1,45.51470740000001,-73.7264564
633,J6X4B6,45.7317654,-73.7238843
635,J5K1P5,45.7870678,-74.17498909999999
595,J7Z4G4,45.7844842,-73.9943546
596,J7Z4G4,45.7844842,-73.9943546
647,J7Z4G4,45.7844842,-73.9943546
655,J7Z4G4,45.7844842,-73.9943546
681,J7Z4G4,45.7844842,-73.9943546
649,J7Y2X5,45.7868415,-74.00974479999999
658,J7Y2X5,45.7868415,-74.00974479999999
656,J7Z5X9,45.78967,-73.9960881
711,J7Z5X9,45.78967,-73.9960881
1647,J7Z5X9,45.78967,-73.9960881
1887,J7Z5X9,45.78967,-73.9960881
2233,J7Z5X9,45.78967,-73.9960881
2426,J7Z5X9,45.78967,-73.9960881
661,J7Y1H7,45.7982874,-74.00904229999999
651,J7Y4J3,45.8018687,-74.0144203
652,J7Y4J3,45.8018687,-74.0144203
654,J7Y4J3,45.8018687,-74.0144203
682,J7Z6G7,45.768629,-73.9844127
639,J7Y1M5,45.8138851,-74.01077719999999
643,J7Y2M5,45.7743547,-74.0137647
638,J5L0N2,45.7908336,-74.0339243
1344,J5L0N2,45.7908336,-74.0339243
1385,J5L0N2,45.7908336,-74.0339243
1594,J5L0N2,45.7908336,-74.0339243
1663,J5L0N2,45.7908336,-74.0339243
2317,J5L0N2,45.7908336,-74.0339243
645,J7Z5P8,45.7681797,-74.0019311
650,J7Z6S5,45.7703706,-73.97903099999999
640,J5L1H2,45.8010107,-74.0498568
1055,J5L1H2,45.8010107,-74.0498568
1681,J5L1H2,45.8010107,-74.0498568
707,J7Z2L5,45.7721503,-74.0079165
709,J7Z3S4,45.7817167,-73.98882669999999
703,H1T1W3,45.5744599,-73.5690547
671,J7J1J9,45.70199880000001,-73.92579669999999
680,J5J2J8,45.8495156,-73.9914888
1024,J5J2J8,45.8495156,-73.9914888
1408,J5J2J8,45.8495156,-73.9914888
704,J5L2S1,45.8077346,-74.0543801
1844,J5L2S1,45.8077346,-74.0543801
687,J7Y4L5,45.7998822,-73.9952521
706,J7Y4L5,45.7998822,-73.9952521
825,J7Y4L5,45.7998822,-73.9952521
708,J7Z4V9,45.7848947,-74.0003978
743,J7Y0C3,45.7616013,-74.0121867
880,J7Y0C3,45.7616013,-74.0121867
1171,J7Y0C3,45.7616013,-74.0121867
1402,J7Y0C3,45.7616013,-74.0121867
1463,J7Y0C3,45.7616013,-74.0121867
698,J7Y0R4,45.802751,-73.9908832
1388,J7Y0R4,45.802751,-73.9908832
1821,J7Y0R4,45.802751,-73.9908832
2110,J7Y0R4,45.802751,-73.9908832
672,J8B1G4,45.9422183,-74.1236577
673,J5L1Z1,45.755854,-74.02718689999999
691,J5L1Z1,45.755854,-74.02718689999999
686,J7Y2Y5,45.7778139,-74.0082254
754,J7Y2Y5,45.7778139,-74.0082254
685,J5J2W5,45.8115997,-73.96464
1317,J5J2W5,45.8115997,-73.96464
1566,J5J2W5,45.8115997,-73.96464
688,J7N1T4,45.7169578,-74.0788642
689,J7N1T4,45.7169578,-74.0788642
690,J7N1T4,45.7169578,-74.0788642
695,J7N1T4,45.7169578,-74.0788642
662,J7J1S2,45.6996372,-73.9357297
678,J7Z3J4,45.7614917,-73.9770041
693,J7Y3X3,45.7632238,-74.0139751
1005,J7Y3X3,45.7632238,-74.0139751
679,J5J2B6,45.8237727,-73.9700072
913,J5J2B6,45.8237727,-73.9700072
722,J5L1X6,45.808527,-74.0514165
723,J5L1X6,45.808527,-74.0514165
725,J5L1X6,45.808527,-74.0514165
746,J5L1X6,45.808527,-74.0514165
1679,J5L1X6,45.808527,-74.0514165
2343,J5L1X6,45.808527,-74.0514165
2450,J5L1X6,45.808527,-74.0514165
684,J5J1W5,45.8285497,-73.9662125
2379,J5J1W5,45.8285497,-73.9662125
669,J0B3E4,45.0165622,-72.1625597
750,J6Z0B2,45.6731403,-73.7704543
771,J6Z0B2,45.6731403,-73.7704543
733,J7Y4P6,45.8065207,-74.00180809999999
981,J7Y4P6,45.8065207,-74.00180809999999
1863,J7Y4P6,45.8065207,-74.00180809999999
745,J7Z6W6,45.768076,-73.9969699
716,J7Y1R6,45.8130088,-74.014211
729,J7Y1R6,45.8130088,-74.014211
786,J7Y1R6,45.8130088,-74.014211
1192,J7Y1R6,45.8130088,-74.014211
721,J5J1J4,45.870044,-73.92679199999999
1026,J5J1J4,45.870044,-73.92679199999999
1236,J5J1J4,45.870044,-73.92679199999999
717,J7Y5B4,45.8103134,-73.9991087
1549,J7Y5B4,45.8103134,-73.9991087
718,J5L1K6,45.7819582,-74.0866612
744,J7N0C9,45.7168285,-74.0854039
848,J7N0C9,45.7168285,-74.0854039
978,J7N0C9,45.7168285,-74.0854039
979,J7N0C9,45.7168285,-74.0854039
1454,J7N0C9,45.7168285,-74.0854039
728,J7R5J8,45.5734293,-73.92757809999999
748,J7Z3B2,45.7705664,-73.98256769999999
1613,J7Z3B2,45.7705664,-73.98256769999999
732,J7Y3Z4,45.7888478,-74.0168601
939,J7Y3Z4,45.7888478,-74.0168601
719,J5J1T2,45.8255955,-73.9488305
803,J0K3E0,45.97078279999999,-73.42312989999999
815,J0K3E0,45.97078279999999,-73.42312989999999
758,J7N0G3,45.7208243,-74.0783264
734,J7Z1B7,45.79302320000001,-74.0035837
2365,J7Z1B7,45.79302320000001,-74.0035837
749,J8B3C8,45.9631305,-74.1690136
720,J7Z7L3,45.7532446,-73.98142800000001
1354,J7Z7L3,45.7532446,-73.98142800000001
736,J8G1X6,45.7052558,-74.36192559999999
731,J5L1A5,45.807196,-74.0442271
1059,J5L1A5,45.807196,-74.0442271
1068,J5L1A5,45.807196,-74.0442271
2035,J5L1A5,45.807196,-74.0442271
799,J7N0A3,45.74603750000001,-74.05620309999999
751,J7Z2L6,45.7718143,-74.00769079999999
735,J7Z5N8,45.7717049,-74.0061324
820,J8L0W4,45.5982622,-75.3905004
737,J7Y3T8,45.7969095,-73.994655
710,J5K2B7,45.7198422,-74.0895249
1477,J5K2B7,45.7198422,-74.0895249
752,J9T2K8,48.5734267,-78.1165115
756,J5L1X4,45.79336439999999,-74.10063339999999
1165,J5L1X4,45.79336439999999,-74.10063339999999
742,J7N1R6,45.708527,-74.0899302
2134,J7N1R6,45.708527,-74.0899302
2312,J7N1R6,45.708527,-74.0899302
759,J5K0G7,45.7492278,-74.0806908
846,J7Y0A7,45.8117751,-73.9976417
2025,J7Y0A7,45.8117751,-73.9976417
838,J7N3M6,45.6294908,-74.00547569999999
755,J7Z4R5,45.7760684,-73.99604510000002
931,J7Z4R5,45.7760684,-73.99604510000002
932,J7Z4R5,45.7760684,-73.99604510000002
753,J7C2N7,45.6824148,-73.91722829999999
830,J5L1C2,45.7811762,-74.0854359
768,J5L1G8,45.7940286,-74.06054040000001
769,J5L1G8,45.7940286,-74.06054040000001
770,J5L1G8,45.7940286,-74.06054040000001
851,J5K0J8,45.716975,-74.1482709
800,J0K1T0,45.9426911,-73.6298063
899,J5L1H5,45.762444,-74.0392992
762,J7J0N4,45.7093882,-73.9276017
1071,J7J0N4,45.7093882,-73.9276017
1108,J7J0N4,45.7093882,-73.9276017
767,J7Z3X1,45.76612799999999,-73.9881505
761,H7N6G8,45.5728249,-73.7131962
810,J7Y2C4,45.7819932,-74.007712
1386,J7Y2C4,45.7819932,-74.007712
760,J5K1E2,45.76224,-74.07827630000001
763,J5K1E2,45.76224,-74.07827630000001
2031,J5K1E2,45.76224,-74.07827630000001
827,J7Y4V7,45.8012567,-73.9772898
1412,J7Y4V7,45.8012567,-73.9772898
821,J7Y3Z8,45.7972316,-74.0032632
2244,J7Y3Z8,45.7972316,-74.0032632
805,J7Z5X1,45.7883362,-73.9883755
936,J7Z5X1,45.7883362,-73.9883755
1282,J7Z5X1,45.7883362,-73.9883755
1466,J7Z5X1,45.7883362,-73.9883755
1664,J7Z5X1,45.7883362,-73.9883755
776,J7Y1H6,45.7978605,-74.0124268
804,J7Y0A5,45.8047586,-73.9985263
1189,J7Y0A5,45.8047586,-73.9985263
798,J7G3E3,45.6086394,-73.8459989
766,J5J0L9,45.8535557,-73.9942023
808,J5L1T5,45.7851991,-74.0455143
832,J8A1B6,45.8612707,-74.0161965
814,J5M1X3,45.8781672,-73.87123559999999
836,J7Z4Y7,45.7690279,-73.99778359999999
807,J7Z4L6,45.765861,-73.9971427
837,J7K3Y7,45.7370616,-73.6169013
819,J7Y1V9,45.7903664,-74.01473419999999
1111,J7Y1V9,45.7903664,-74.01473419999999
812,J5L2M7,45.7631248,-74.0355654
813,J5L2M7,45.7631248,-74.0355654
1349,J5L2M7,45.7631248,-74.0355654
1672,J5L2M7,45.7631248,-74.0355654
828,J7N3N2,45.6995066,-74.1016386
842,J7Y1Z7,45.7857621,-74.0170591
829,J7Y4R9,45.7990935,-73.9971704
824,J7N3K1,45.6964875,-74.109714
840,J7Z0L2,45.7709378,-73.9957462
965,J7Z0L2,45.7709378,-73.9957462
1392,J7Z0L2,45.7709378,-73.9957462
774,G8T5E2,46.3682699,-72.5075257
841,J5J1V5,45.8295727,-73.956398
849,J7N3M9,45.6994802,-74.08070479999999
831,H2J2R2,45.5245864,-73.5808579
843,J7J1M9,45.7030118,-73.92019379999999
2434,J7J1M9,45.7030118,-73.92019379999999
854,J5L2G9,45.7697007,-74.0539585
1032,J5L2G9,45.7697007,-74.0539585
856,J5J2C7,45.8370298,-73.9649009
1008,J5J2C7,45.8370298,-73.9649009
1451,J5J2C7,45.8370298,-73.9649009
852,J0T1H0,46.24944929999999,-74.76155159999999
1494,J0T1H0,46.24944929999999,-74.76155159999999
1796,J0T1H0,46.24944929999999,-74.76155159999999
1950,J0T1H0,46.24944929999999,-74.76155159999999
2344,J0T1H0,46.24944929999999,-74.76155159999999
2483,J0T1H0,46.24944929999999,-74.76155159999999
796,H7T0R9,45.5557939,-73.7634808
1066,H7T0R9,45.5557939,-73.7634808
875,J7Y0G9,45.7655233,-74.0135981
900,J7Y2T8,45.7819129,-74.005561
1004,J7Y2T8,45.7819129,-74.005561
877,J5J2S1,45.8361036,-73.9404723
1205,J5J2S1,45.8361036,-73.9404723
816,J8B2K8,45.92572440000001,-74.14372879999999
785,J7Y1T7,45.7990621,-74.0149824
782,J7Y2J8,45.776629,-74.0121473
797,J7Z5J1,45.7594425,-73.99659000000001
778,J7Y2M2,45.7752341,-74.00824020000002
1365,J7Y2M2,45.7752341,-74.00824020000002
898,J0K1S0,46.06548799999999,-73.7340588
2441,J0K1S0,46.06548799999999,-73.7340588
784,J7Y1R7,45.8152811,-74.01468849999999
886,J7Y4P4,45.8059231,-74.0066527
884,J6Z2B7,45.6666366,-73.7523449
777,J7C0X4,45.674111,-73.8126204
891,J5M1C3,45.8974893,-73.7922372
878,J7Y0K8,45.8041467,-73.9953175
1655,J7Y0K8,45.8041467,-73.9953175
2152,J7Y0K8,45.8041467,-73.9953175
885,J5J0C3,45.8579239,-73.9060564
889,J5J0E7,45.8258911,-73.98052779999999
881,J7Y4J2,45.80237409999999,-74.0142353
973,J7Y4J2,45.80237409999999,-74.0142353
1252,J7Y4J2,45.80237409999999,-74.0142353
883,J7Z4J5,45.7755322,-73.99813139999999
2357,J7Z4J5,45.7755322,-73.99813139999999
791,J7N3G6,45.7130339,-74.0800605
792,J7N3G6,45.7130339,-74.0800605
876,J7N3G6,45.7130339,-74.0800605
1060,J7N3G6,45.7130339,-74.0800605
1656,J7N3G6,45.7130339,-74.0800605
892,J5J2R5,45.8637364,-73.94218699999999
789,J5L2E7,45.8093193,-74.0484527
1807,J5L2E7,45.8093193,-74.0484527
1847,J5L2E7,45.8093193,-74.0484527
864,J7Z2P1,45.7704138,-74.0069251
2369,J7Z2P1,45.7704138,-74.0069251
793,H7P0H6,45.5905409,-73.8182691
859,J7Y4T2,45.7706198,-74.0168465
1699,J7Y4T2,45.7706198,-74.0168465
857,J8G2W8,45.6795224,-74.41403199999999
872,J0T1S0,46.18176889999999,-74.9848597
790,J5L1K9,45.796725,-74.0336899
1845,J5L1K9,45.796725,-74.0336899
896,J7Y5L6,45.798921,-73.9996771
871,J5L2H4,45.7985674,-74.03807499999999
865,J8A1H8,45.8647888,-73.9961443
2302,J8A1H8,45.8647888,-73.9961443
866,J7Y2V4,45.7887486,-74.00980229999999
1375,J7Y2V4,45.7887486,-74.00980229999999
1627,J7Y2V4,45.7887486,-74.00980229999999
2417,J7Y2V4,45.7887486,-74.00980229999999
870,J7G2P8,45.6217723,-73.8383872
862,J7J0K4,45.6937224,-73.9157233
869,J7N1L5,45.7419398,-74.03389949999999
903,J7Y2M3,45.77494859999999,-74.0110187
902,J5L2T2,45.8023761,-74.0413353
901,J5M1C9,45.8935549,-73.7934719
911,J7N0Y1,45.6958501,-74.0977829
1105,J7N0Y1,45.6958501,-74.0977829
910,J7Z7L8,45.7848926,-73.9649139
1497,J7Z7L8,45.7848926,-73.9649139
1903,J7Z7L8,45.7848926,-73.9649139
1904,J7Z7L8,45.7848926,-73.9649139
905,J5L0A2,45.805402,-74.0433702
906,J5L0A2,45.805402,-74.0433702
907,J5L0A2,45.805402,-74.0433702
909,J5K1H8,45.7606179,-74.0977855
1110,J5K1H8,45.7606179,-74.0977855
904,J5L2A1,45.8132415,-74.0514409
930,J0W1R0,46.3544889,-75.10548159999999
1257,J0W1R0,46.3544889,-75.10548159999999
1350,J0W1R0,46.3544889,-75.10548159999999
926,J7Z6W2,45.79169419999999,-73.9932516
2209,J7Z6W2,45.79169419999999,-73.9932516
912,J7Y1W1,45.79067389999999,-74.0152904
915,J8C1W4,46.0542289,-74.2811692
961,J5J0P4,45.8194283,-73.9852877
958,J5L2J2,45.7938455,-74.04224119999999
1707,J5L2J2,45.7938455,-74.04224119999999
2431,J5L2J2,45.7938455,-74.04224119999999
917,J7Z2M4,45.77381,-73.9882387
918,J7P4H1,45.5807036,-73.8705232
914,J5K1Y3,45.7506716,-74.12494439999999
954,J0K1A0,46.0958165,-73.2115808
922,J7N3H6,45.7534345,-74.0569881
934,J7Z4X3,45.793473,-74.0030117
921,J8A1K6,45.87534040000001,-74.00393489999999
916,J7Z7H1,45.778031,-73.97848909999999
919,J7Z2K7,45.7745964,-73.9873686
943,J7Z0H6,45.7632537,-73.99722679999999
950,J7Z1X4,45.77925339999999,-73.9859503
945,J5J2Y2,45.8333892,-73.9575575
955,J7Y3G6,45.7802735,-74.0126731
962,J7Y4X3,45.7950799,-74.01423
2241,J7Y4X3,45.7950799,-74.01423
2348,J7Y4X3,45.7950799,-74.01423
956,J5L2C4,45.8124607,-74.0491671
940,J5J1W7,45.8310197,-73.9664696
2321,J5J1W7,45.8310197,-73.9664696
937,J7Y3P4,45.8100611,-74.0148537
924,J7N2G8,45.6287987,-73.9858647
952,J5J0E9,45.8368049,-74.00255609999999
1421,J5J0E9,45.8368049,-74.00255609999999
944,J7Z2C4,45.7751415,-73.9969955
946,J5J1W2,45.8348417,-73.9634329
953,J8C2H9,46.0526265,-74.28605619999999
976,J5L2H8,45.7944249,-74.033542
985,J7Z0J5,45.7873872,-73.9854661
1878,J7Z0J5,45.7873872,-73.9854661
2227,J7Z0J5,45.7873872,-73.9854661
2239,J7Z0J5,45.7873872,-73.9854661
993,J7N1P3,45.6606409,-74.11866979999999
967,J7Y4G3,45.8034392,-74.01477609999999
983,J7Y3A3,45.7701226,-74.012844
977,J7Y5B7,45.8045833,-74.0026054
969,J7C4L3,45.6920004,-73.89852359999999
988,J7Z6S4,45.76956759999999,-73.9794003
1869,J7Z6S4,45.76956759999999,-73.9794003
2405,J7Z6S4,45.76956759999999,-73.9794003
984,H1N2Z3,45.5798631,-73.5369051
990,J7Y1T6,45.80641809999999,-74.0122312
1126,J7Y1T6,45.80641809999999,-74.0122312
968,J7Z0G6,45.7830197,-73.9804379
994,J7Z0G6,45.7830197,-73.9804379
996,J5J1J9,45.83865309999999,-73.9687909
998,J7Z1E2,45.7909298,-74.00567389999999
1038,J7Z1E2,45.7909298,-74.00567389999999
997,J5N4M7,45.7332913,-73.8241512
980,J4L4P7,45.5240923,-73.44967199999999
1002,J5J1P2,45.8098331,-73.9396642
970,J7Y0M7,45.8017967,-73.9911169
1044,J7Y0M7,45.8017967,-73.9911169
1499,J7Y0M7,45.8017967,-73.9911169
982,J7C4R1,45.6909382,-73.896418
964,J8G0E3,45.64102070000001,-74.3961982
975,J7Z0H5,45.7564836,-73.9891899
1658,J7Z0H5,45.7564836,-73.9891899
1056,J5K2T9,45.7705038,-74.0915229
1037,J5B0A2,45.3817823,-73.5410296
1050,J7M2A1,45.7671779,-73.7208503
1025,J7J2S9,45.6736779,-73.92498309999999
1115,J7J2S9,45.6736779,-73.92498309999999
1524,J7J2S9,45.6736779,-73.92498309999999
1042,J5L1T8,45.7804416,-74.06537639999999
1340,J5L1T8,45.7804416,-74.06537639999999
1471,J5L1T8,45.7804416,-74.06537639999999
1013,J5K1J8,45.7647424,-74.1064995
1160,J5K1J8,45.7647424,-74.1064995
1006,J8C0P1,46.13569570000001,-74.3452259
1033,J7Y4J1,45.8032176,-74.0132284
1015,J7Y2V8,45.7882988,-74.01037409999999
1030,J7Y3M6,45.77056839999999,-74.0143662
1180,J7Y3M6,45.77056839999999,-74.0143662
1020,J0T1J2,46.0314431,-74.5439295
1003,J7Z7B9,45.791368,-73.98673939999999
1043,J5J1X9,45.8267985,-73.9741374
1045,J8H0M1,45.645323,-74.34907040000002
1035,J5L1L6,45.7974951,-74.06566939999999
1022,J7Y2S5,45.7746173,-74.0081754
1053,J5K1C2,45.7648429,-74.06885299999999
1063,J5K1C2,45.7648429,-74.06885299999999
2056,J5K1C2,45.7648429,-74.06885299999999
1014,J8G1C9,45.7339369,-74.50261239999999
1047,J7Y3T1,45.78598849999999,-74.0159879
1048,J5L2N9,45.8096578,-74.09343539999999
1016,J7Y5J9,45.8095262,-73.9999792
1415,J7Y5J9,45.8095262,-73.9999792
1009,J8B3B9,45.9612668,-74.1537177
1011,J5K0K4,45.75132139999999,-74.0730233
1036,J8H4P1,45.65638149999999,-74.3524027
1041,J7Y1H9,45.7990745,-74.0081723
1081,J7Z5S1,45.7599402,-74.000592
1054,J5M2A7,45.8291851,-73.8104687
1007,J8B1X9,45.9743377,-74.1148132
1049,J5L2C5,45.7491487,-74.01639709999999
2136,J5L2C5,45.7491487,-74.01639709999999
1046,J7Y1A8,45.8149007,-74.0077866
1070,J7J0H2,45.708234,-73.9017011
1100,J7Y0B5,45.7644007,-74.0142415
1073,J0K2L0,45.91038940000001,-73.6758303
1083,J7C5V5,45.680977,-73.89464300000002
1107,J5L1S3,45.8104998,-74.0716261
1952,J5L1S3,45.8104998,-74.0716261
1112,J8A1T7,45.8870119,-74.0152848
1084,J8A0L5,45.8738235,-73.9657735
1724,J8A0L5,45.8738235,-73.9657735
1062,J5J0P5,45.84283749999999,-73.9449869
1076,J8B2T5,45.9382484,-74.1998787
1207,J5K2T4,45.7062985,-74.1243398
2368,J5K2T4,45.7062985,-74.1243398
1093,J8G2E3,45.6426036,-74.4292426
1058,J7Y2V6,45.7856945,-74.00810059999999
1079,J7Z7M2,45.7689612,-73.9682116
1240,J7Z7M2,45.7689612,-73.9682116
1097,J5L1J3,45.7885552,-74.04986819999999
1190,J7Y4X5,45.8072308,-74.0274654
1922,J7Y4X5,45.8072308,-74.0274654
1197,J7R6P7,45.568425,-73.934316
2108,J7R6P7,45.568425,-73.934316
1201,J7Y1P6,45.8125903,-74.0128805
2184,J7Y1P6,45.8125903,-74.0128805
2402,J7Y1P6,45.8125903,-74.0128805
1094,J8C3T1,46.0672818,-74.2898646
1095,J8C3T1,46.0672818,-74.2898646
1195,J5M1P5,45.89949379999999,-73.76619699999999
1077,J7Z3M9,45.7608411,-73.9809348
1064,J5L1M4,45.78028399999999,-74.0834377
1069,J7Z6C4,45.79347749999999,-74.0003926
1109,J7Y1N4,45.8027781,-74.00803739999999
1065,J8C0G7,46.0349095,-74.26154559999999
1106,J7N2W4,45.653369,-74.1527608
1222,J7J0J8,45.70728,-73.9045533
1194,J7J1K7,45.7047442,-73.9237957
1113,J7Z3T5,45.7848255,-73.9914376
1200,J5M2E4,45.8199508,-73.7636771
1117,J7Y5J1,45.808461,-74.0296912
1368,J7Y5J1,45.808461,-74.0296912
2027,J7Y5J1,45.808461,-74.0296912
1196,J7Z6S7,45.7708502,-73.98031189999999
1132,J5M0W6,45.84037319999999,-73.7513518
1202,J7Y0H3,45.8026922,-73.9925923
1203,J7Y0H3,45.8026922,-73.9925923
1204,J7Y0H3,45.8026922,-73.9925923
1440,J7Y0H3,45.8026922,-73.9925923
1198,J7Y3V7,45.7854615,-74.0128376
1428,J7Y3V7,45.7854615,-74.0128376
1191,J5J1J7,45.8227769,-73.8965352
1199,J5Z1C9,45.7246776,-73.4876682
1215,J7Z5K7,45.7731688,-74.0028348
1080,J7H0G5,45.6265207,-73.8533983
1213,J7J1N8,45.7051045,-73.92761349999999
1210,J7Z0H4,45.7936173,-73.9833538
1233,J7Y3Z6,45.7975078,-74.0057214
2372,J7Y3Z6,45.7975078,-74.0057214
1220,J8A2J9,45.9011519,-73.95887510000001
1217,J7Z2T9,45.7669571,-73.9955201
2486,J7Z2T9,45.7669571,-73.9955201
1119,J7Y5B2,45.8102042,-73.99728640000001
1121,J7Y5B2,45.8102042,-73.99728640000001
1206,J5L2P3,45.803836,-74.0409185
1219,J7Z3P9,45.762182,-73.9839305
2462,J7Z3P9,45.762182,-73.9839305
1232,H7P0E1,45.5702048,-73.7814135
1182,J7J0R9,45.6801672,-73.9268842
1224,J7Y4N4,45.79971750000001,-73.9930433
1225,J7Y4N4,45.79971750000001,-73.9930433
1389,J7Y4N4,45.79971750000001,-73.9930433
1178,J7N0E6,45.7498654,-74.0490018
1230,J5L0E8,45.80589020000001,-74.0510413
1229,J7Y2V5,45.7850222,-74.0076491
1328,J7Y2V5,45.7850222,-74.0076491
1329,J7Y2V5,45.7850222,-74.0076491
1650,J7Y2V5,45.7850222,-74.0076491
1120,J7N1R3,45.7068641,-74.0835809
1179,J0T1Y0,45.8546568,-74.4454717
2304,J0T1Y0,45.8546568,-74.4454717
2305,J0T1Y0,45.8546568,-74.4454717
2352,J0T1Y0,45.8546568,-74.4454717
1133,J7Z7G1,45.7734989,-73.97125489999999
1136,J5J2N1,45.8158081,-73.9653637
1135,J7Z3Y4,45.7847372,-73.9940001
1288,J5J0E3,45.8596483,-73.9772796
1289,J5J0E3,45.8596483,-73.9772796
1619,J5J0E3,45.8596483,-73.9772796
1260,J0T2J0,46.1590175,-74.1806345
1743,J0T2J0,46.1590175,-74.1806345
2400,J0T2J0,46.1590175,-74.1806345
1176,J7Z6T5,45.757958,-73.978302
1209,J7Z6T5,45.757958,-73.978302
1137,J6X0G5,45.71716869999999,-73.6505742
1138,J6X0G5,45.71716869999999,-73.6505742
1140,J7J0H6,45.6734483,-73.9307566
1227,J7J0H6,45.6734483,-73.9307566
1090,J5J1N6,45.7820287,-73.9154434
1622,J5J1N6,45.7820287,-73.9154434
1183,J5L1C5,45.76551569999999,-74.044857
1139,J5J1R3,45.8421727,-73.9361368
1184,J7Y4H7,45.776079,-74.0061867
1266,J7Y4H7,45.776079,-74.0061867
1141,J5K1L8,45.7622904,-74.1383632
1091,H7T2A1,45.5588156,-73.776448
1143,J6Y2B1,45.696772,-73.7984067
1181,J7Y3C6,45.7674257,-74.0157491
1478,J7Y3C6,45.7674257,-74.0157491
1258,J8A1Z2,45.90133489999999,-73.98985669999999
1142,J5M2R1,45.8147781,-73.75322589999999
1393,J5M2R1,45.8147781,-73.75322589999999
1295,J5L1N8,45.832399,-74.0695812
1294,J8B1T2,45.9540564,-74.1179677
1264,J5L2M6,45.7893985,-74.072802
1364,J5L2M6,45.7893985,-74.072802
1261,J7Z6S1,45.7686085,-73.97950689999999
1087,J7C0X1,45.6709168,-73.87222729999999
1287,J7Y0C1,45.8173897,-73.9965145
2033,J7Y0C1,45.8173897,-73.9965145
1293,J8A2E4,45.8992165,-73.9772132
1151,J7Z7N1,45.7744458,-73.9757345
2351,J7Z7N1,45.7744458,-73.9757345
2412,J7Z7N1,45.7744458,-73.9757345
1296,J0W1K0,46.7166041,-75.3150573
1285,J7Y4P9,45.8024599,-73.9973325
1155,J8B0G7,45.9776742,-74.1297058
1174,J0K1C0,46.0723764,-73.5805961
2309,J0K1C0,46.0723764,-73.5805961
1153,J5M1X8,45.8691775,-73.8280585
1234,J5M2T4,45.8425111,-73.75558
1167,J8A2H7,45.9153975,-73.9880828
1186,J5N4E2,45.7659043,-73.87109199999999
1085,J7Y1K7,45.79538410000001,-74.0009735
1170,J7Y2T2,45.779163,-74.0065103
1088,J7Y5L3,45.8061039,-73.9994297
1188,J8A1W8,45.8932696,-74.0356157
1187,G6V3P9,46.8160653,-71.1823244
1238,J7Z0K2,45.7860954,-73.986522
1275,J7Y4W3,45.803349,-74.0024759
1237,J7Z2P2,45.77327589999999,-74.0057022
1362,J6Z2W9,45.67202109999999,-73.7700584
1734,J6Z2W9,45.67202109999999,-73.7700584
1297,J7Z0G1,45.7950685,-73.9881741
1346,J7J1H4,45.6990963,-73.9161783
1300,J5K1Y7,45.7405906,-74.12233739999999
1299,J8A1X8,45.9031925,-74.02195999999999
1310,J8A3C2,45.9301663,-74.03590129999999
1164,J5Y0B9,45.77896399999999,-73.4435994
1312,J5L1C7,45.8108277,-74.0515656
1327,J0W1S0,46.2572031,-75.7120648
1333,J9L3G6,46.5967223,-75.684034
1334,J9L3G6,46.5967223,-75.684034
1114,J7Y3L7,45.7869663,-74.0180429
1276,J7Y3L7,45.7869663,-74.0180429
1147,J5J1S6,45.8340792,-73.9433166
1309,J5J2P1,45.8141258,-73.96423519999999
1324,J9B1A6,45.4884703,-75.89109330000001
1336,J7Y2A8,45.78353540000001,-74.00787389999999
1345,J7Y2T7,45.7806764,-74.00700239999999
1839,J7Y2T7,45.7806764,-74.00700239999999
1148,J7Y2W1,45.7905413,-74.0111811
1161,J7Y2Z7,45.7675213,-74.0095248
1347,J7Y5H9,45.80536860000001,-74.0027831
1159,J7Y0H1,45.763117,-74.0111087
1316,J6X4T4,45.7183368,-73.6932917
1166,H7M4R2,45.57640240000001,-73.7169632
1341,J7L1J1,45.7587825,-73.65928939999999
1156,J5K1C8,45.757313,-74.07565869999999
1173,J7Z4H2,45.7667916,-73.9938368
1338,J7N1N6,45.7118897,-74.089055
1641,J7N1N6,45.7118897,-74.089055
1330,J5K1M8,45.7680758,-74.117126
1331,J7Y4R3,45.8067211,-73.9994944
1353,J7Y5K5,45.8141604,-74.04191689999999
1357,J5J2H7,45.8538035,-73.9789596
1332,J5L2K9,45.764579,-74.0372414
1374,J5L2K9,45.764579,-74.0372414
1764,J5L2K9,45.764579,-74.0372414
2310,J5L2K9,45.764579,-74.0372414
1284,J7Z0A4,45.7930374,-73.9952023
1858,J7Z0A4,45.7930374,-73.9952023
2242,J7Z0A4,45.7930374,-73.9952023
1355,J7N0S2,45.7055362,-74.0774573
1352,J5K0P9,45.7159462,-74.1196832
1251,J8A3R7,45.8984591,-74.0271897
1348,J8H0T4,45.64288819999999,-74.3738347
1255,J5L1G4,45.7533306,-74.0275869
1358,J5L0J9,45.7927611,-74.0506
1244,J7Z2V6,45.7667913,-73.9982039
1359,J5K0A3,45.7686678,-74.0860957
1268,J5L1V5,45.7717445,-74.042757
1246,J5K2L5,45.7343858,-74.1683868
1267,J7Z5L5,45.784048,-74.0034994
1684,J7Z5L5,45.784048,-74.0034994
1875,J7Z5L5,45.784048,-74.0034994
1876,J7Z5L5,45.784048,-74.0034994
2413,J7Z5L5,45.784048,-74.0034994
1245,J7Y4Z8,45.8052984,-74.0107795
1270,J5L1S8,45.7772605,-74.08140209999999
1449,J5L1S8,45.7772605,-74.08140209999999
1241,J5J2S2,45.8452887,-73.9620388
1279,J5K2B9,45.7265348,-74.10030909999999
2198,J5K2B9,45.7265348,-74.10030909999999
1250,J8A0H1,45.8612468,-74.0287881
1351,J8H2S9,45.6481183,-74.3593106
1124,J0T2C0,46.3910478,-74.2250126
1529,J0T2C0,46.3910478,-74.2250126
1918,J0T2C0,46.3910478,-74.2250126
1919,J0T2C0,46.3910478,-74.2250126
2022,J0T2C0,46.3910478,-74.2250126
2157,J0T2C0,46.3910478,-74.2250126
2194,J0T2C0,46.3910478,-74.2250126
1305,J7Y1K1,45.7948678,-74.0074447
1753,J7Y1K1,45.7948678,-74.0074447
1280,J5L2J4,45.7884108,-74.0637502
1123,J5L0M3,45.7929051,-74.0489492
1307,J5J1E5,45.86467649999999,-73.8853456
1281,J9L2C5,46.5604407,-75.4910847
1304,J7Z3L2,45.7760062,-73.98237329999999
1996,J7Z3L2,45.7760062,-73.98237329999999
2001,J7Z3L2,45.7760062,-73.98237329999999
2002,J7Z3L2,45.7760062,-73.98237329999999
2003,J7Z3L2,45.7760062,-73.98237329999999
1306,J5K0H2,45.7267304,-74.1102078
1404,J5K0H2,45.7267304,-74.1102078
1405,J5K0H2,45.7267304,-74.1102078
1301,J5K0C6,45.7600408,-74.0607331
2482,J5K0C6,45.7600408,-74.0607331
1308,J7J1N3,45.7042618,-73.93045169999999
1145,J5X4B9,45.86327310000001,-73.5378295
1134,J8A3A2,45.964492,-73.9733321
1223,J8A3A2,45.964492,-73.9733321
1129,J7N1L2,45.6894814,-74.0488826
1146,J7Y0E4,45.8068861,-74.0314301
1397,J7G1R9,45.60389170000001,-73.82786089999999
1363,J8A3S5,45.8749095,-73.99243320000001
1403,H7L0A8,45.58689469999999,-73.7733714
1406,J7J1L9,45.7012121,-73.9287593
1373,J7Y0B8,45.811632,-73.9992946
2308,J7Y0B8,45.811632,-73.9992946
1372,J7Y2E1,45.7813076,-74.0145909
1561,j7y2c4,45.7819932,-74.007712
1414,J7Z1E6,45.7918787,-74.0003679
1523,J7Z1E6,45.7918787,-74.0003679
1423,J7Y4P2,45.7975383,-73.9873841
1976,J7Y4P2,45.7975383,-73.9873841
1378,J7J0G5,45.7073937,-73.9021863
1418,J8A1A6,45.8532701,-74.02832599999999
1369,J8A3A8,45.9548104,-73.9717445
2439,J8A3A8,45.9548104,-73.9717445
1430,J7N1P9,45.7060722,-74.0865347
1371,J8A0H9,45.8730062,-73.9876507
1401,J5K2S2,45.76090869999999,-74.1136925
1400,J2B0B2,45.8531915,-72.4662491
1419,J0T2E0,46.1341235,-74.00579069999999
1645,J0T2E0,46.1341235,-74.00579069999999
1417,J5L2K8,45.8166448,-74.1233172
1481,J5L2S7,45.7976467,-74.0486428
1411,J5L2K6,45.7767868,-74.09086409999999
1694,J5L2K6,45.7767868,-74.09086409999999
1495,J7Z1J6,45.7895693,-73.98902830000002
1383,J5T1G7,45.87077679999999,-73.2912105
1505,J7N0C2,45.7497358,-74.0565956
1559,J7C5A4,45.6927322,-73.89203499999999
1483,J5L1Z7,45.8001443,-74.03528949999999
1485,J5L1Z7,45.8001443,-74.03528949999999
1486,J5L1Z7,45.8001443,-74.03528949999999
1487,J5L1Z7,45.8001443,-74.03528949999999
1480,J0T1E0,46.0329466,-74.0165619
1420,J5K2A1,45.7382548,-74.0760986
1714,J5K2A1,45.7382548,-74.0760986
2034,J5K2A1,45.7382548,-74.0760986
2088,J5K2A1,45.7382548,-74.0760986
1438,J7Y4Y4,45.8122189,-74.00073809999999
1433,J7Y1Y6,45.7876445,-74.0153526
2171,J7Y1Y6,45.7876445,-74.0153526
1410,J8H1S6,45.6570597,-74.3307809
1409,J5M0S8,45.8128128,-73.7063794
1377,J8B3K1,45.9774419,-74.1990525
1382,J7Z4X7,45.7601743,-73.9948105
1445,J5L1N7,45.826671,-74.06992269999999
1426,J5J0N7,45.8629078,-73.9766655
1506,J7Y5J8,45.8085225,-73.99615709999999
1439,j7z6t6,45.75723199999999,-73.9764177
1462,J7Z0G5,45.78285,-73.9813728
1476,J7Z5X7,45.7720144,-73.98895569999999
1540,J7N0W4,45.7020559,-74.08069449999999
1455,J6r2n1,45.3125487,-73.73348100000001
1489,J7Y3N1,45.7728613,-74.0176534
1490,J5L1K7,45.8009651,-74.1113471
1448,J7C0J4,45.6608502,-73.8634137
1548,J5N2M9,45.73360630000001,-73.7740421
1527,J8H0L4,45.6446316,-74.3722381
1491,J7J2J8,45.7046654,-73.9453767
2128,J7J2J8,45.7046654,-73.9453767
1444,J8B2J4,45.9849138,-74.18936889999999
1522,J7Z5Y2,45.7858962,-73.988311
2303,J7Z5Y2,45.7858962,-73.988311
1500,J5L1T4,45.7838856,-74.078875
2395,J5L1T4,45.7838856,-74.078875
1468,J7Y3Y5,45.7840424,-74.0066415
1542,J7Y3Y5,45.7840424,-74.0066415
1629,J7Y3Y5,45.7840424,-74.0066415
2173,J7Y3Y5,45.7840424,-74.0066415
2235,J7Y3Y5,45.7840424,-74.0066415
1461,J7C4Z6,45.6713548,-73.8910021
1511,J5K2A5,45.73712159999999,-74.0809195
1441,J5J0P8,45.8218809,-73.89269720000001
2122,J5J0P8,45.8218809,-73.89269720000001
1526,J7Z6T3,45.759245,-73.97986399999999
1479,J7Y5K6,45.8139615,-73.99911
1492,J7Z7M5,45.7795761,-73.9945552
1537,J5K1G5,45.7693749,-74.09425499999999
1514,J7Z0A9,45.779251,-73.9684717
1544,J8A3E4,45.9481168,-74.06342939999999
1518,J8B2G4,45.9728331,-74.1643459
1515,J7N0Y8,45.7412648,-74.05997479999999
1507,H7Y1S9,45.5189921,-73.8557867
1555,J7Z4Y9,45.769414,-74.0015368
1738,J7Z4Y9,45.769414,-74.0015368
2111,J7Z4Y9,45.769414,-74.0015368
2406,J7Z4Y9,45.769414,-74.0015368
1533,J7J1H1,45.70155279999999,-73.9237536
1543,J7N1K6,45.7185225,-74.08026579999999
1882,J7N1K6,45.7185225,-74.08026579999999
1538,J5L1L8,45.7847753,-74.0819198
1498,J5L1W6,45.7671627,-74.03513559999999
1520,J7N3H1,45.7415577,-74.054587
1516,J7Z6Y7,45.761218,-73.9724533
1465,J8B2H5,45.975282,-74.1730221
1552,J5M0G3,45.8270179,-73.75787509999999
2046,J5M0G3,45.8270179,-73.75787509999999
1553,J8B2R4,45.9473559,-74.13730029999999
1554,H7N3W7,45.550097,-73.7031634
1551,G0T1P0,48.6664661,-69.1790573
2197,G0T1P0,48.6664661,-69.1790573
1539,J7Y5E5,45.7960978,-73.9752273
1457,J7Y2Z9,45.7655757,-74.0155547
2471,J7Y2Z9,45.7655757,-74.0155547
1550,J8b2k1,45.92195760000001,-74.1601134
1513,J9L2G2,46.5599409,-75.4985174
1503,J7Y2V7,45.7868988,-74.0090841
1472,J7Z2R2,45.7708671,-74.0042595
1502,J7Y4J6,45.798099,-74.004545
1482,J5J1V8,45.8351343,-73.9538268
1568,J7Y5E7,45.8205027,-74.01399909999999
1571,J7N3S5,45.7015703,-74.10442239999999
1573,J7N3S5,45.7015703,-74.10442239999999
1562,H7S2K1,45.5670447,-73.7358126
1534,J7Z7K5,45.7682172,-73.9963659
1519,J4T1K8,45.49769389999999,-73.46241979999999
1575,J7Y3W6,45.7634452,-74.01552099999999
1626,J7Y3W6,45.7634452,-74.01552099999999
1564,J7Z5N9,45.7718047,-74.0052384
1574,J5L1A3,45.80899669999999,-74.0887947
1541,J7J1M5,45.7064755,-73.92844389999999
1567,J8B1Y3,45.9799794,-74.1116
1563,J5M1W7,45.88536269999999,-73.8641262
1556,J5L2R6,45.7875606,-74.0673716
1546,J7Z7C9,45.7646311,-73.9771882
2049,J7Z7C9,45.7646311,-73.9771882
1581,J7Z3V4,45.7845708,-73.99283969999999
1521,J7z6r4,45.7687065,-73.9886578
1569,J7Z2M3,45.7734108,-73.9923391
1598,J5j0p4,45.8194283,-73.9852877
1586,J5L2G1,45.7957696,-74.034446
2216,J5L2G1,45.7957696,-74.034446
1510,J7J1P4,45.7309078,-73.9147739
1589,J5K1G7,45.7622012,-74.092916
1577,H4K1P9,45.5307672,-73.726164
1579,J7Y1X2,45.7884354,-74.01238839999999
2205,J7Y1X2,45.7884354,-74.01238839999999
1578,J7Z5G6,45.769111,-73.9983635
1582,J8G1X4,45.7007726,-74.36236199999999
1584,J7Y0M6,45.8048112,-74.0307346
1615,J0T2P0,46.23077139999999,-74.34234099999999
1585,J7Y0S3,45.77233450000001,-74.01450430000001
1583,J7Z1R5,45.7843001,-73.9867155
1609,J7Z1M6,45.7844486,-73.9988748
1588,J5J0N1,45.8407432,-73.99820079999999
1591,J7H1B5,45.6247871,-73.8571185
1618,J7Y0R3,45.77794660000001,-74.0123334
1795,J7Y0R3,45.77794660000001,-74.0123334
1616,J7Z4V1,45.779705,-74.0012823
1593,J5L2A3,45.79299,-74.07242370000002
1572,J8H2S1,45.6447093,-74.3587347
1623,J7Y3K5,45.7754182,-74.0148285
1596,J7N0W3,45.7026167,-74.08037449999999
1621,J7Z2X2,45.7738124,-73.98666779999999
1631,J7Y2X9,45.7886608,-74.0118406
1599,J7Y3K3,45.7737656,-74.0138932
1602,J5L0E7,45.8058372,-74.0496071
2445,J5L0E7,45.8058372,-74.0496071
2446,J5L0E7,45.8058372,-74.0496071
1604,J5J1K3,45.8192411,-73.8957441
1614,J7Z2K1,45.7739981,-73.9932575
1798,J7Z2K1,45.7739981,-73.9932575
1606,J7Z2N3,45.7721176,-74.00265320000001
1625,J7J2E9,45.7532848,-73.9521122
1605,J7Y3C2,45.7861625,-74.0129589
2086,J7Y3C2,45.7861625,-74.0129589
1610,J7Y4G6,45.803999,-74.01550189999999
2132,J7Y4G6,45.803999,-74.01550189999999
2147,J7Y4G6,45.803999,-74.01550189999999
2404,J7Y4G6,45.803999,-74.01550189999999
1595,J5K0K6,45.7500256,-74.0756423
1607,H7R5M7,45.5455704,-73.85925929999999
1612,J8H0N9,45.6562388,-74.35786940000001
1827,J8H0N9,45.6562388,-74.35786940000001
1611,J5L1T2,45.7961089,-74.0815135
1637,J7N3E4,45.74066570000001,-74.0525911
1776,J7N3E4,45.74066570000001,-74.0525911
1660,J8B2K1,45.92195760000001,-74.1601134
1639,J0V1W0,45.7337261,-75.05312169999999
1852,J0V1W0,45.7337261,-75.05312169999999
2107,J0V1W0,45.7337261,-75.05312169999999
1665,J8Y2H5,45.4392687,-75.7356985
1640,J5N2R4,45.7516978,-73.8207039
1635,J7Z3S7,45.7828336,-73.9918484
1644,j8b1j3,45.9359342,-74.11695999999999
1651,J7Y4K3,45.7990274,-74.00307049999999
1800,J7Y4K3,45.7990274,-74.00307049999999
1801,J7Y4K3,45.7990274,-74.00307049999999
1642,J5L1W9,45.8034907,-74.044882
1995,J5L1W9,45.8034907,-74.044882
1652,J7Y4K4,45.7972907,-74.0015545
1703,J7Y4K4,45.7972907,-74.0015545
1676,J7Z0B3,45.7769262,-73.9665631
2408,J7Z0B3,45.7769262,-73.9665631
1653,J5M2Z2,45.8595845,-73.7557357
1654,J5M2Z2,45.8595845,-73.7557357
1643,J7Z3W3,45.7663532,-73.98760279999999
1648,J7Z3W3,45.7663532,-73.98760279999999
1659,J7J0M4,45.6621286,-73.9468838
1673,J7Y4X8,45.7968917,-74.0051328
1675,J7J1M1,45.705078,-73.9261128
1667,J7J1H7,45.7012697,-73.9270533
1666,J8B1B4,45.9290095,-74.13683209999999
1677,J5M3A1,45.8571117,-73.7544389
1697,J7Z1E9,45.7899854,-74.0083607
1678,J5L0J4,45.79158,-74.0519027
1691,J7N0W2,45.7041613,-74.089084
1752,J7N0W2,45.7041613,-74.089084
1710,J8B0E6,45.9847672,-74.1668012
1682,J7Z4T5,45.78214819999999,-73.9992529
1701,J8A3B1,45.953685,-73.9713397
1695,J5M2W9,45.8639709,-73.7607628
1696,J5M2W9,45.8639709,-73.7607628
1698,J8B1S5,45.9564165,-74.11956119999999
1718,J8H4P4,45.6400078,-74.3392073
1693,J7G1Y4,45.61769229999999,-73.8206888
1686,J7Y4X6,45.8028491,-74.0297653
1661,J8A2N3,45.9103052,-74.0632096
1683,J7Z6A7,45.774152,-74.0017477
1702,J5J0L1,45.86122959999999,-73.9713352
1704,J7Z0J6,45.78693670000001,-73.9865622
1833,J7Z0J6,45.78693670000001,-73.9865622
1692,J5B1Z4,45.3810541,-73.5391633
1716,J7Y3S8,45.78391149999999,-74.0168644
1705,J7Z2S4,45.770195,-74.0038082
1709,J7Y3X1,45.790928,-74.0144124
2342,J7Y3X1,45.790928,-74.0144124
1687,J7J1A7,45.69907,-73.94232749999999
1720,J7Z4G3,45.7845673,-73.9949347
1721,J8A3E5,45.9332988,-74.0450268
1719,J5L1E2,45.8020354,-74.04320400000002
1965,J5L1E2,45.8020354,-74.04320400000002
1722,J7Z7B2,45.7674585,-73.9974289
1727,J7Y1Z6,45.7860555,-74.01009069999999
1728,J7N0N9,45.74657879999999,-74.0642471
1723,J5M2Y2,45.8594179,-73.7577287
1732,J7Y2K8,45.7764404,-74.00791459999999
1733,J9P1A1,48.1064324,-77.7835364
1735,J7Y2N3,45.7742794,-74.00899679999999
1731,J8A1R3,45.8936575,-73.97190239999999
2102,J8A1R3,45.8936575,-73.97190239999999
1766,J7Y1M4,45.8138296,-74.01039010000001
1725,J5M2N9,45.81151029999999,-73.69850679999999
1767,J5K2J5,45.7414145,-74.1452226
1774,J7Z3P8,45.7619014,-73.9840917
1747,J8G2N4,45.73654810000001,-74.4821101
1744,J7Z2B9,45.776957,-74.00118479999999
2358,J7Z2B9,45.776957,-74.00118479999999
1762,J7J0C9,45.7094071,-73.90562690000002
1761,J5X0C1,45.8768536,-73.5018537
1756,J7Z5R1,45.7671189,-73.99929730000001
2109,J7Z5R1,45.7671189,-73.99929730000001
1750,J8G2E7,45.6305483,-74.42521049999999
1793,J8G2E7,45.6305483,-74.42521049999999
1777,G4W1B5,48.85213659999999,-67.5202793
1953,G4W1B5,48.85213659999999,-67.5202793
1746,J7Y2V1,45.7822472,-74.006834
2181,J7Y2V1,45.7822472,-74.006834
1772,J5L2E4,45.8053026,-74.03735900000001
1979,J5L2E4,45.8053026,-74.03735900000001
1778,J7Y2R3,45.7689475,-74.0115307
1748,J5L2C2,45.78363239999999,-74.0898849
1770,J7Y4V9,45.8115316,-74.0086714
1763,J9Y1E4,48.1578598,-79.0133766
1773,J7Y3T3,45.7958544,-74.0047858
2401,J7Y3T3,45.7958544,-74.0047858
1779,J5J2Y5,45.8232437,-73.9864494
1840,J5J2Y5,45.8232437,-73.9864494
1841,J5J2Y5,45.8232437,-73.9864494
1897,J5J2Y5,45.8232437,-73.9864494
1736,J7Y1V6,45.7915489,-74.0123823
1751,J7Y2A7,45.7839842,-74.00782579999999
1783,J7N3S3,45.7021571,-74.1048175
1790,J5L0A6,45.7764197,-74.058478
1791,J5L0A6,45.7764197,-74.058478
1802,J0T1V0,46.1695917,-74.2555234
2148,J0T1V0,46.1695917,-74.2555234
2251,J0T1V0,46.1695917,-74.2555234
1789,J7Z3E2,45.7611413,-73.9862019
1780,J7Z1Y1,45.7777186,-73.99855079999999
1786,J6Y0L5,45.6845767,-73.7323389
1781,J8A2R7,45.9326737,-74.0193444
1794,J7P0A9,45.5792312,-73.9032842
1792,J7N3K7,45.7505275,-74.05363659999999
1799,J7C0Y5,45.6741907,-73.8702287
1804,J8C1V3,46.0536117,-74.2865499
1803,J7V2C1,45.4033193,-74.0224016
1806,J8A1M9,45.8740069,-73.9946298
1832,J7Y4M3,45.7728603,-74.0181769
1813,J6J2N8,45.3607217,-73.7266601
1822,J5K2B4,45.7261069,-74.0930442
1848,J7Y2B4,45.7824305,-74.0139473
1812,J7C0S1,45.6847174,-73.8277165
1815,J7Z2C9,45.7755981,-73.9922346
1820,J7Y0P9,45.79956019999999,-73.9861185
1811,J7Z6V7,45.7570716,-73.97107
1880,J7Y2C1,45.7820944,-74.01372150000002
2036,J7Y2C1,45.7820944,-74.01372150000002
1879,J7J1P1,45.716596,-73.8660968
1886,J8H3W7,45.6644673,-74.2827538
1874,J0K2A0,46.2253793,-73.4044965
1810,J7Y2M4,45.774498,-74.0121138
1828,J5K0K5,45.7515995,-74.0739086
1825,J5L1W4,45.7670366,-74.04168779999999
2016,J5L1W4,45.7670366,-74.04168779999999
1826,J7Y4H8,45.8159994,-74.0207679
1849,J7Y4H8,45.8159994,-74.0207679
1868,J7Y4H8,45.8159994,-74.0207679
1834,J7Z6B3,45.78542299999999,-73.9860707
1831,J8G1X3,45.696039,-74.3675009
1829,J8G1M9,45.64589520000001,-74.385609
1866,J6E8Y4,46.0524104,-73.4847836
1856,J8G2X1,45.67887289999999,-74.4104598
1884,J7Z1L5,45.7855125,-73.9999387
2392,J7Z1L5,45.7855125,-73.9999387
1854,J5L2M5,45.7590407,-74.03142369999999
1842,J7Z4P8,45.7736014,-73.9957869
1872,J7J2S2,45.67747869999999,-73.92926969999999
1883,J5J2B4,45.8253469,-73.9682637
1861,J7Z2V1,45.76642440000001,-73.9955119
1885,J7Y2L9,45.7754622,-74.00612199999999
1846,J8G1M7,45.6476801,-74.404895
1881,J7Z5L9,45.7833489,-74.00233089999999
1864,J5M0X3,45.8228131,-73.7634822
1853,J7Y4Z6,45.8133962,-74.0015288
1835,J5L1J4,45.80683,-74.10131849999999
1857,J8H1X4,45.6516746,-74.34364529999999
1855,J7Z1C7,45.79029389999999,-74.00839309999999
1850,J8A1S8,45.894286,-73.964085
1862,J7Y4K1,45.80716109999999,-74.0046864
1873,J7Z4H7,45.78167879999999,-73.99491809999999
1870,J5N1P2,45.7626284,-73.8238014
1888,J5J1R1,45.8151447,-73.8942278
1891,J9P0B9,48.1426714,-77.8262932
1905,J6W3J4,45.7058153,-73.6430477
1889,J8C2H6,46.0504553,-74.2858109
1893,J7N1J5,45.7125747,-74.0842851
1894,J7E5M2,45.6399365,-73.85712339999999
1926,J8B1V6,45.96128909999999,-74.1088127
1892,J7Y2X2,45.7835349,-74.00813570000001
1920,J8E1G7,46.1845623,-74.61814559999999
1895,J5J2Y8,45.8221414,-73.9724121
1896,J5J2Y8,45.8221414,-73.9724121
1898,J7Y0P8,45.7774157,-74.0112779
1907,J7Z6A2,45.77059819999999,-73.9976148
1937,J7Z6A2,45.77059819999999,-73.9976148
1908,J5M2X3,45.8549243,-73.7577151
1915,J5K1W6,45.7577834,-74.10879369999999
1916,J5K1W6,45.7577834,-74.10879369999999
1917,J5K1W6,45.7577834,-74.10879369999999
1948,J5K1W6,45.7577834,-74.10879369999999
1954,J5K1W6,45.7577834,-74.10879369999999
2179,J5K1W6,45.7577834,-74.10879369999999
2271,J5K1W6,45.7577834,-74.10879369999999
1921,J7Z1B3,45.7923406,-74.0088938
1924,J7Y1W7,45.7890266,-74.01121239999999
1927,J7N0N5,45.7029382,-74.0858205
1944,J7J0P8,45.663037,-73.93529319999999
2000,J7J0P8,45.663037,-73.93529319999999
1938,J7N0Z8,45.6995503,-74.0960906
1940,J0R1R0,45.8956299,-74.1612419
2257,J0R1R0,45.8956299,-74.1612419
1930,J7Y4K2,45.8081701,-74.00536410000001
1941,J7Y1L7,45.795723,-73.99962769999999
1932,J7J1G6,45.7058685,-73.9189646
1936,J7Z5K2,45.7697491,-74.00228589999999
1935,J7Y1G1,45.8006928,-74.01310579999999
1943,J7J2H2,45.756119,-73.9707806
1961,J7J2H2,45.756119,-73.9707806
1962,J7J2H2,45.756119,-73.9707806
1942,J7N0E2,45.7175215,-74.0774995
1959,J7N0E2,45.7175215,-74.0774995
2083,J7N0E2,45.7175215,-74.0774995
1939,J7Y5A3,45.8026826,-74.0142678
1973,J8A2V7,45.953245,-73.9629674
1960,J7Z7N3,45.7761311,-73.9737194
1955,J5L1Z6,45.7764665,-74.0375463
1975,J6W5W1,45.7089354,-73.6115622
2013,J7R6K6,45.5837843,-73.9306758
1957,J8H1P8,45.656348,-74.3278638
1958,J8H1P8,45.656348,-74.3278638
1934,J7Z5C5,45.7870226,-74.00252569999999
1956,J5K1A2,45.76377859999999,-74.0443876
1974,J5L2E6,45.7642475,-74.03492279999999
2017,H7P0L7,45.5693619,-73.7714574
1971,J7Z4K2,45.7783658,-73.9972378
2010,J0Y1Z0,48.13107790000001,-78.09713459999999
1978,J7Y2K2,45.7767072,-74.0153449
1964,J7M2B7,45.763462,-73.70893319999999
1967,J7Y2H2,45.7797779,-74.0076222
1933,J8G2V9,45.6790076,-74.4157688
2058,J5L0H5,45.797186,-74.05392599999999
1985,J8G1R2,45.6303575,-74.45425589999999
1949,J8A1A7,45.8573137,-74.0289444
2469,J8A1A7,45.8573137,-74.0289444
2054,J8A2B2,45.8960905,-73.9596861
1986,J7Z5M5,45.78847160000001,-74.00786839999999
2006,J5L0L1,45.8331972,-74.06452080000001
1987,J7Z1C8,45.7906301,-74.0086189
1989,J5L1N5,45.7748624,-74.05288870000001
2005,J7J1C8,45.7064702,-73.9336747
1983,J7N1H9,45.7398839,-74.0513674
1984,J7N1H9,45.7398839,-74.0513674
1990,J7Z2E5,45.7764199,-73.9868448
2009,J8B1P4,45.9456043,-74.1206819
2011,J8A0B7,45.9087062,-73.94149639999999
2012,J8A0B7,45.9087062,-73.94149639999999
2019,J8B2G8,45.9834529,-74.1553794
1977,J8H0H3,45.7770449,-74.3549355
2020,J7Z4T3,45.7789523,-73.99868
1994,H7M3Z3,45.60201929999999,-73.7047096
2018,J7Y4M9,45.8027997,-73.9954623
2026,J7Z4V2,45.77990339999999,-74.00001759999999
2029,J5J2N6,45.8119305,-73.9690602
2032,J7Z6H3,45.7657332,-73.9896325
2047,J7Z6B7,45.75883719999999,-73.9897213
2007,J5M2P7,45.81611729999999,-73.745711
2044,J5K1Z6,45.7513807,-74.11285749999999
2045,J7N0B9,45.7009744,-74.1071584
2057,J8C0S1,46.0477188,-74.2473958
2051,J7J1S3,45.7008121,-73.9365163
2040,H7H3E7,45.640802,-73.755045
2041,J7Z4W3,45.78643700000001,-74.0005594
2124,J7Z4W3,45.78643700000001,-74.0005594
2063,J7Y3A7,45.7727623,-74.0105987
2062,J7Y3L3,45.7661963,-74.013526
2382,J7Y3L3,45.7661963,-74.013526
2037,H7X3J9,45.5240122,-73.7981521
2053,J7C2X8,45.6718293,-73.892714
2287,J7C2X8,45.6718293,-73.892714
2066,J7Z6A9,45.788621,-73.985595
2130,J7Z6A9,45.788621,-73.985595
2255,J7Z6A9,45.788621,-73.985595
2075,J7N1R7,45.7090964,-74.0864778
2467,J7N1R7,45.7090964,-74.0864778
2067,J8H1Y2,45.6556144,-74.3393639
2072,H7A1H2,45.6700441,-73.5798906
2069,J7Y2A1,45.7843632,-74.01524549999999
2068,J8H0T7,45.6552395,-74.3337195
2071,G1L1R3,46.8416855,-71.2427828
2070,J8H4N4,45.6416614,-74.32294759999999
2073,J5K1G3,45.76490460000001,-74.08845099999999
2077,J5L0N1,45.790042,-74.03688749999999
2078,J5L0N1,45.790042,-74.03688749999999
2076,J6W5V6,45.70821309999999,-73.61388029999999
2081,J5M1T1,45.9069806,-73.7768067
2092,J0T2V0,45.9406575,-74.504205
2131,J0T2V0,45.9406575,-74.504205
2084,J7Z3G4,45.7594335,-73.98488139999999
2090,J7Z6P2,45.7699505,-73.9819797
2097,J0W1H0,46.5559526,-75.2924018
2089,H1Y0A2,45.542236,-73.56971709999999
2087,J5J2S7,45.7985938,-73.9545188
2094,J8G3C4,45.6832792,-74.40406449999999
2178,J8G3C4,45.6832792,-74.40406449999999
2103,J8C2Y3,46.04609079999999,-74.2715984
2098,J7Z3S8,45.7861719,-73.9912927
2101,J7Z3S8,45.7861719,-73.9912927
2104,J7R6H6,45.5781398,-73.934553
2099,J7Y5J2,45.8177191,-74.00093389999999
2096,J7Z5L4,45.779898,-74.0031594
2119,J5L0A4,45.7899225,-74.0403025
2183,J5L0A4,45.7899225,-74.0403025
2095,K6A2A3,45.6085284,-74.5951917
2112,J5J0H2,45.8173904,-73.8929304
2118,J5K2C8,45.7183437,-74.1045594
2113,J5N1V1,45.7683943,-73.797572
2120,J7Y4V1,45.7998735,-74.0004915
2117,J5M3A4,45.852843,-73.75439999999999
2115,J8H4H7,45.6608666,-74.3304065
2114,J8A1N7,45.89054429999999,-73.9868145
2121,J5M0J1,45.82589189999999,-73.7543221
2106,J7Y3J5,45.7858753,-74.01652349999999
2123,J6E1C2,46.0506588,-73.4193849
2127,J5J2S4,45.8247492,-73.9524632
2116,J8B0K2,45.9573583,-74.14335659999999
2138,J7J0C8,45.7106382,-73.9067993
2133,J6E1R3,46.0428211,-73.4315094
2150,J6Z3Y2,45.6687918,-73.7989592
2166,J7N3N4,45.6990889,-74.10083449999999
2154,J7Y1M8,45.79615829999999,-74.00743729999999
2145,J7Z7H2,45.7765753,-73.97681349999999
2155,J5L0A5,45.7985329,-74.0537835
2160,J5M2Z8,45.8580103,-73.7543362
2159,J7J0S6,45.6773136,-73.92654399999999
2156,J6Y0C1,45.69711059999999,-73.8059634
2149,J8G2X2,45.6801572,-74.4109855
2165,J5M2P9,45.8161216,-73.74991729999999
2163,J7Z4R4,45.7759272,-73.9966492
2135,J8A0C8,45.87312680000001,-73.9821255
2162,J5L2P2,45.8025509,-74.0383061
2158,J8B1W2,45.953783,-74.1342745
2140,J5J2B3,45.8265818,-73.9683922
2224,J5L0B4,45.8049507,-74.0444653
2169,J5K1A5,45.7629631,-74.0578096
2282,J5K1A5,45.7629631,-74.0578096
2243,J7J1H8,45.7083357,-73.91503159999999
2176,J7J1J6,45.7010473,-73.9255088
2168,G0L3W0,47.8197954,-69.371869
2175,J8A3S1,45.9553696,-74.0416396
2220,J7Y1Y2,45.78795400000001,-74.0148614
2221,J7Y1Y2,45.78795400000001,-74.0148614
2448,J7Y1Y2,45.78795400000001,-74.0148614
2203,J5K1E7,45.7700801,-74.0821569
2232,J7Z4H1,45.7672411,-73.993265
2185,J7Y1Y5,45.7873103,-74.0140795
2230,J8B1K7,45.9438265,-74.1124656
2217,J7Z6T7,45.7559404,-73.97799669999999
2234,J7Y0C5,45.8128986,-73.996997
2313,J7Y0C5,45.8128986,-73.996997
2207,J3N1H5,45.520466,-73.2900511
2229,J7Z3T1,45.7756317,-73.98876229999999
2225,J7Y2K6,45.7762375,-74.0115349
2296,J7Y2K6,45.7762375,-74.0115349
2240,J8H1G4,45.6505977,-74.3359608
2174,J7J1K2,45.7054608,-73.93509259999999
2219,J5K0H7,45.76252179999999,-74.0547188
2210,J7Z4M9,45.759011,-73.9861699
2228,J7Y0N6,45.80073640000001,-73.9874325
2238,J7Y0N6,45.80073640000001,-73.9874325
2236,J5M2T5,45.84531500000001,-73.7518393
2215,J7Y0G6,45.7995519,-73.99135849999999
2237,J5M2L3,45.80924539999999,-73.7236236
2355,J5M2L3,45.80924539999999,-73.7236236
2222,J7Y1B4,45.8103925,-74.01769949999999
2399,J7Y1B4,45.8103925,-74.01769949999999
2213,J7Z1A8,45.7936393,-74.0041723
2214,J7Z1A8,45.7936393,-74.0041723
2256,G0K1B0,48.05618579999999,-68.3942658
2324,J8A3P3,45.9212734,-73.9695776
2270,J8A0G1,45.8937996,-73.9904037
2211,J7Y3T5,45.79657580000001,-73.99285739999999
2283,J7J2L8,45.7078063,-73.9408503
2254,J7J1W7,45.65032799999999,-73.8807891
2291,J5L0M1,45.7935485,-74.0497315
2292,J5L0M1,45.7935485,-74.0497315
2293,J5L0M1,45.7935485,-74.0497315
2276,J7Y0P5,45.7853133,-74.0171071
2316,J7Y3M7,45.7709884,-74.0146484
2307,J7Y2P5,45.7716347,-74.0138596
2306,J8H1Z9,45.6498296,-74.34343659999999
2258,J7Y5H5,45.8132297,-74.00036759999999
2318,J5L2G2,45.8115757,-74.0898328
2319,J5L2G2,45.8115757,-74.0898328
2275,J7Y2A3,45.784433,-74.00777769999999
2259,J8A1T4,45.892654,-74.0036559
2330,J7Z5Z9,45.7594669,-73.9814103
2328,J8A2S7,45.9419848,-74.0045512
2281,J7Z2T5,45.7681723,-74.0061188
2345,J7Z2T5,45.7681723,-74.0061188
2346,J7Z2T5,45.7681723,-74.0061188
2315,J8H3Z9,45.6331465,-74.3561004
2284,J8G0H5,45.6883039,-74.349023
2323,J7Y5E3,45.81035809999999,-74.00578449999999
2347,J5K2N9,45.7098968,-74.1197916
2299,J7Y2X3,45.784095,-74.00859919999999
2325,J5L1P1,45.8004761,-74.0376103
2367,J5L1P1,45.8004761,-74.0376103
2249,J7Y5B1,45.8086317,-73.9979793
2398,J7Y5B1,45.8086317,-73.9979793
2411,J5K2V3,45.7602143,-74.08110309999999
2268,J5J1L7,45.8377548,-73.9149667
2278,J7Y3E1,45.7725064,-74.0125233
2314,J7Y3L2,45.7667566,-74.01372769999999
2277,J7Z1E8,45.789144,-74.00832
2427,J5L0E6,45.8029173,-74.05044
2295,J7M1L5,45.7722318,-73.7273604
2286,J7Y2B8,45.7824143,-74.0074705
2331,H7W1K4,45.5345417,-73.77126369999999
2273,J5J0K4,45.8280605,-73.8825646
2336,J8H2T3,45.6479334,-74.3623138
2414,J7Y3K1,45.7727832,-74.01445629999999
2432,J7Y3K1,45.7727832,-74.01445629999999
2396,J8H2W1,45.6492706,-74.3583546
2349,J7Y1K3,45.79568810000001,-74.0036252
2475,J7Y1K3,45.79568810000001,-74.0036252
2424,J7Z5B3,45.7815823,-74.0021933
2403,J7Y2E3,45.7807299,-74.00843630000001
2333,J5J1K9,45.8359012,-73.9158262
2425,J7Y3K8,45.7663109,-74.0122056
2250,H7W3N4,45.5339428,-73.7520907
2354,J7Z1A6,45.7931849,-74.0073632
2428,J7Z1S4,45.7825746,-73.995869
2479,J7J2G7,45.744516,-73.971383
2320,J7J1J4,45.7052396,-73.93250189999999
2337,J7C5Y1,45.6993298,-73.9041222
2423,J7Z1V3,45.7804617,-74.00152829999999
2459,J8G2K1,45.6203528,-74.47799789999999
2487,J7J1B3,45.7091516,-73.9396574
2456,J7Z2H8,45.7754897,-73.98989019999999
2490,J5N2Z7,45.7717913,-73.8099805
2484,J5L0N7,45.7929588,-74.03710079999999
2455,J7Z6B4,45.7850019,-73.9863125
2415,J5L1K8,45.8090785,-74.1000371
2492,J7Y0P2,45.7997308,-73.9846592
2465,J5L2A7,45.78902919999999,-74.0383038
2429,J5J2A2,45.8249629,-73.9613564
2476,J5L2C3,45.7860684,-74.0579807
2407,J5J1T4,45.8250894,-73.9495412
2457,J7Z5P4,45.7701369,-74.0049921
2458,J7Z5P4,45.7701369,-74.0049921
2453,J7N1M3,45.7429382,-74.0387595
2435,J7Y4V2,45.7999879,-73.9991697
2488,J8B1K8,45.9441695,-74.1105922
2430,J7Z1G6,45.7892659,-74.0028086
2447,J7J2R8,45.755518,-73.9591986
2437,J5J2E4,45.8332617,-73.9693741
2449,J7Y4N1,45.8145472,-74.0169937
2362,J7Y5K9,45.79264149999999,-74.0131163
2436,J7Z7C6,45.7667121,-73.9726439
2375,J7Y4L8,45.798934,-73.9918179
2454,J7Y4L8,45.798934,-73.9918179
2443,J7Y3T9,45.7975586,-73.9922933
2391,J5M2B6,45.8316518,-73.80230590000001
2451,J7Z2S2,45.76946479999999,-74.0045408
2440,J8A2N6,45.9270084,-74.0393885
2464,J8A2N6,45.9270084,-74.0393885
2374,J5N0W2,45.7705298,-73.8101884
2370,J6A7J2,45.75095400000001,-73.46035599999999
2385,J7Y3K6,45.7756436,-74.014281
2381,J8G2Y7,45.66268119999999,-74.40397
2388,J7Y0N8,45.801436,-73.9886016
2383,J7Y1E8,45.8010854,-74.0131947
2380,J7Z6X8,45.793378,-73.9928086
2387,J7Y1W6,45.7899195,-74.0137349
2452,J7Z6S9,45.7714669,-73.9803762
2378,J7Y2Y4,45.7783457,-74.0087573
2474,J0J2C0,45.15134920000001,-73.1330265
2366,J0W1P0,47.5027956,-75.0887278
2377,J9L0E6,46.5509055,-75.5303144