User,PostalCode
1,J2W0B9
2,J7Y1C2
3,J7X6E9
4,J0H1G0
5,J5L2C8
6,J8G2Y3
7,J7Y2Y9
8,J5L2R9
9,J7Z6N9
10,J0K1Z0
11,J7J0S4
12,J2S5C9
13,J5K2V8
14,J7Z7M3
15,J5K1W4
16,J0V1M0
17,J8B2L9
18,J0X2M0
19,J8B1H1
20,J5K1Z7
21,J7Y0J1
22,J7N1K2
23,J5L1H7
24,J8G2Y3
25,J0K3K0
26,J7J2S4
27,J5K2V8
28,J5L0K4
29,J7Z0M7
30,J5Z0G1
31,J5K2N4
32,H7V0A7
33,J7Z7N5
34,J5N1T7
35,J8H3W9
36,J7Z5E8
37,J0R1A0
38,J7M0G3
39,J5Z2A2
40,J7E5R2
41,H7N6H8
42,J4K4V8
43,J7Y0H5
44,J7C5M1
45,J6A7A6
46,J0V1K0
47,J0H2E0
48,H1N2X3
49,H4R2T6
50,J7Z2A4
51,J6A4J3
52,J6Y0C3
53,J7L0H9
54,J8L0Y5
55,J0V1B0
56,J0K1S0
57,H7P0G7
58,J7Z0C2
59,J7Y0M3
60,J7Y3V8
61,J7Y0A2
62,J7L4G1
63,J7Y2N5
64,J7Y4L6
65,J0K3B0
66,J7Y5A7
67,J0R1R6
68,J0R1R2
69,J0R1R3
70,J0R1R7
71,J0R1K0
72,J7Z6X3
73,J0R1R6
74,J8B1L4
75,J8B3L5
76,J6H1J8
77,J7N3E1
78,J0R1C0
79,J5L2P2
80,J8P2T9
81,J7Y4J4
82,J7Y1Y2
83,J8A2A4
84,J5J1E2
85,J8B2B8
86,J8B2E6
87,J7Y1N2
88,J8H3G6
89,J7Z0E4
90,J5L1H7
91,J0R1R2
92,J0R1T0
93,J5N0N7
94,J5K0N3
95,J8H3W8
96,J0R1B0
97,J5L0B8
98,J5K1W9
99,J0K2R0
100,J7Y1C7
101,J5M3A2
102,H1L1H5
103,J5K1M7
104,J7J1W6
105,G1R5N2
106,J7N1A2
107,G6Z2Z3
108,J7Y4T1
109,J5L0N9
110,J5K1K7
111,J7J2E6
112,J7N1C2
113,J0K1Z0
114,J5K0B1
115,J7M1R7
116,G7S1H7
117,J7Z1N2
118,J0R1B0
119,H7S1Z4
120,J5K1W4
121,J8A1X2
122,H7V0A1
123,H7H2Z8
124,J7J2G5
125,J7Y5L4
126,J7Y0M4
127,J7N0K4
128,J0K1Z0
129,J5M0H5
130,J5J0P6
131,J7Y2Y9
132,J7Z1S4
133,J7N0N8
134,J0R1T0
135,J7Y2Y9
136,J8B3M9
137,J7Z5C7
138,J7Z4V9
139,J7J1C7
140,G1E0C8
141,J7Z2S3
142,J0R1T0
143,J7N3P1
144,J5K1C7
145,J5Y2A8
146,J7E2J9
147,J5L1P4
148,J7Y4A1
149,J7Z0K3
150,J8C2Z7
151,H7P5S2
152,J7Z0H5
153,J7Z0B2
154,J7Y3L5
155,H2B2A1
156,J7E5N5
157,H7P0K3
158,J7Y0M1
159,J8H1E6
160,J0R1T0
161,J7Y3K8
162,J5J2H1
163,J7C0P3
164,J0R1R6
165,J7N2Y9
166,J8H3V9
167,J5LOG8
168,J8G1R5
169,J8T5L4
170,H7M5C6
171,J5J2T6
172,J7Z1N2
173,J0T2B0
174,J7Y0H6
175,J7Z3G5
176,J7Y1E9
177,J0K2B0
178,J7Y0C7
179,J5K1C3
180,J0T1N0
181,J7Z0K8
182,J5N2S8
183,J7Y0C4
184,J7Z6B8
185,J0L3S8
186,J5L2R9
187,J7Y3C4
188,J7J1B4
189,J7N3E6
190,J7Y2W2
191,J0V1X0
192,J7Z5E5
193,J0R1H0
194,J0R1K0
195,J6A7A6
196,J7V8P6
197,H7E2W5
198,J5M0Y7
199,J5L0Z1
200,J7Z5P1
201,J0R1R4
202,J0R1R3
203,J5K0R4
204,J8B1W8
205,J5L1R7
206,J5L1S1
207,J7Y4N2
208,J0R1K0
209,J8B2G1
210,J7C3S5
211,J7Y0G2
212,J7N1A5
213,J7Y2Y9
214,J7Z2L9
215,J7M3E8
216,J7Y5B8
217,J0R1R5
218,J7Y0P7
219,J0R1T0
220,J7Y0M5
221,H8S2Z3
222,J7Z0J8
223,J7Y0J1
224,J7Y3W6
225,J0R1H0
226,J8A1H8
227,J7Y3Z7
228,J7Z0K1
229,J0T1W0
230,J7Y2A1
231,J6X0A6
232,H7A2P4
233,H7X3J5
234,J5M0L2
235,J0K3K0
236,J0R1R6
237,J5N0B6
238,J5N0B6
239,J5L0B6
240,J5L0B6
241,H2T2H8
242,J0R1R6
243,J0T2N0
244,J7J2S2
245,J7Z4V6
246,H2L4G4
247,J7Y1X1
248,J7Z2M1
249,J7Z3Y7
250,J5L0A3
251,J7Y0K7
252,J0M2A2
253,J7Y0C9
254,J7N3S2
255,J3A2A8
256,J3L0G5
257,J5J1B6
258,G1Y1A9
259,H7N5V1
260,J7Y0N3
261,J7N0N5
262,J7J2P7
263,J7Y1N2
264,J7Y4S6
265,J7Z0E1
266,J8J0J8
267,J5L0A7
268,J8B1B4
269,J5L0G5
270,J0G1K0
271,J7Y1H1
272,H1W3J9
273,J5K1V8
274,J0T1R0
275,J8E2Y9
276,J7Y4K6
277,J6E0K9
278,J7Y0K6
279,J0R1B0
280,J8A1W7
281,J8A1J8
282,J7Z1G5
283,J8A1J8
284,J0R1R5
285,J5K2J3
286,J0R1R5
287,H1T2X1
288,J0K1Z0
289,J8A2E4
290,J7P3V5
291,J8A1W7
292,J7E5R2
293,J7Z0J8
294,J7H0G9
295,J5L1Z1
296,J7Y5A9
297,J7Y0K2
298,H2W2J1
299,J0R1R2
300,J5J2V3
301,J7Z6Z3
302,J8A1S2
303,J5L2K1
304,J0R1A0
305,J0R1H0
306,J7E5N8
307,H1H0C3
308,J5J0E3
309,J5K1V8
310,J7Z5Y6
311,J5J2T4
312,J7Z0A3
313,J5L0C7
314,J8A3H5
315,J8C2M6
316,J5J1T5
317,J7N0Y1
318,J5L1S1
319,J0R1T0
320,J8H0T8
321,J0R1T0
322,J5J0H3
323,J5L1E4
324,J8H0V6
325,J8B1Y3
326,H7L6A6
327,J7Z5H3
328,J7Y3K5
329,J8A1J7
330,J7Y4P4
331,J7Y2L6
332,J7Y1A1
333,J0V2B0
334,J7N1N8
335,J7N1K1
336,J5N0B6
337,J7Z0A1
338,J8A2V5
339,G2B2T0
340,J8A3C9
341,J5J2H1
342,J8H0K1
343,J8H3V7
344,J5N3J7
345,J7Z3N5
346,J7Y4K7
347,J8A1C5
348,G1K3W6
349,J0R1K0
350,J5M0X5
351,J7Y5A9
352,J7Y0A2
353,J7Y0C7
354,J7G3C9
355,J0R1R6
356,J7J0E1
357,J7Z6V6
358,J0R1R2
359,J7N1J7
360,J7N1E0
361,J5K1R4
362,J7N3W6
363,J7Z6X9
364,J0R2B0
365,J5L2L7
366,J0R1R3
367,H8P2B4
368,J7M2C1
369,J727M8
370,J8B2Y7
371,J5M2V3
372,J0R1B0
373,J7Z7J1
374,J7Z1B2
375,J0R1T0
376,J0R1B0
377,J5L0K4
378,J7Z3B1
379,J7Y1Z6
380,J5L1Y4
381,J0N1P0
382,J7Y4W7
383,J0T2B0
384,J5L2L7
385,J5L2G1
386,J5M0X5
387,J5J2E6
388,J7Z5Y3
389,J7N0W5
390,J7J0M0
391,J7Y0G7
392,J5J2V3
393,J7Z5S8
394,H7N6E9
395,J5L1J6
396,J7J2B2
397,J7P0A4
398,J7Y2B3
399,J5M0J6
400,JET1E8
401,J0T1Y0
402,J5M0K5
403,J7J0E4
404,J0T1L0
405,J5K0N3
406,J5L2L8
407,J0R1R2
408,J7Z2K4
409,J7Y5A7
410,J7N3G4
411,J7Z1C7
412,J0R1R2
413,J7Y3C3
414,J7Y1B1
415,J5K1B7
416,J7Z3N5
417,J0R1R3
418,J5K2W2
419,J8A1C4
420,J7Y2J6
421,J7Z3K1
422,J7Y5H5
423,J7Z0C2
424,J7Z6V2
425,J5L0M9
426,J0N1H0
427,J0R1T0
428,J7E5S5
429,J5K1W4
430,J5M0C6
431,J8B1N9
432,J5K1C5
433,J7Y1B9
434,J5L1B7
435,H7W4W5
436,J0V7X0
437,J7N3P9
438,J7Z3V1
439,J7Y0A5
440,J5K1P4
441,J5L0G5
442,J8G1N5
443,J0I1L0
444,J8C2R2
445,H7V0A7
446,J5K1C3
447,J5L2A4
448,J7J0G7
449,J0R1R5
450,J5J2B1
451,H1B3E6
452,J4P0A5
453,J7Z3X8
454,J7E4B9
455,J0T2R0
456,J7Y0P4
457,J7Y0H4
458,J7P3G3
459,J5J0H7
460,J5N3J8
461,J8A2N4
462,J0R1R5
463,J5M1Z9
464,J5J2T4
465,J5L2H3
466,J8B2S7
467,J7Y0T6
468,J7Y4T1
469,J7V4V1
470,J7N1J5
471,J0N1H0
472,J7Y5B8
473,J7Z7B8
474,J0T1T0
475,J7Y0B9
476,J0R1T0
477,J7C3J4
478,J7Y3A6
479,J7Z0A8
480,J7Z5Y8
481,J8H0K1
482,J7J2T4
483,J7Z3A9
484,J7Z2N6
485,J0R1T0
486,J7Z0G7
487,G0K1A0
488,H1P3G4
489,J7Y2X7
490,J7Z7C4
491,H9B2G8
492,J5J0B8
493,J5K1W1
494,J7Z5H3
495,J6A7A6
496,J7Y4L4
497,J7J0V2
498,J0R1A0
499,J5J2K5
500,J7N0J7
501,J6X0K4
502,J7P2B4
503,J7Z5H3
504,J7Y5H3
505,J7Y4S9
506,J7Y5L1
507,J5L0E5
508,J7Z4R7
509,J0N1H0
510,H7P5R4
511,J7Z5H3
512,J7Z7C1
513,J5K0G3
514,J7Y0M3
515,J5K0B6
516,J5L1S3
517,J7Z0K5
518,J7Z0K5
519,J7Y0H4
520,J5M0G4
521,J0R1R3
522,J7N0T9
523,J6E0X2
524,J7Y1H2
525,J8C2Z7
526,J0R1T0
527,J0K1S0
528,J5L2S3
529,J5K2N8
530,J7Y0L9
531,J7Z4W3
532,J7Z0A8
533,J0R1T0
534,J5K2V8
535,J7Y4R5
536,J0R1T0
537,J7Y0N1
538,H2K3R2
539,J7N2Z9
540,J7Z3N5
541,J5J2L8
542,J7C5J1
543,J7Z7E5
544,J7Y4T3
545,J7Z4N3
546,J7Y3C5
547,J7Y2L2
548,J7J0E3
549,J7M0H4
550,J5K1V8
551,J7Z2K3
552,J7K4Y6
553,J5L2C8
554,J0V1K0
555,J7E4W3
556,J7J1T2
557,J7Y1R5
558,J7A4G7
559,J5J2M5
560,J8B1H8
561,J7G2J6
562,J8C1G2
563,J0T2G0
564,J0R1R3
565,J7G1W4
566,G1V4E9
567,J7N1R6
568,J7Y0A2
569,J5L2K2
570,J7Z1L7
571,J0R1R6
572,J5L0J3
573,J7Y4T3
574,J5K2G8
575,J7Z4Y2
576,H1K2C2
577,J8B2A3
578,J0V1X0
579,J0R1R6
580,J7Z7B3
581,J0K1S0
582,J7Y3M3
583,J0R1K0
584,J0R1K0
585,J8A2N3
586,J7N0A3
587,J7N3V9
588,J7Y0B1
589,J5J1Y9
590,J7Z0K3
591,J5L2M6
592,J7Z3Z3
593,J5J1K4
594,J5L2L2
595,J0R1T0
596,J5L2R9
597,J7R0C7
598,J8B2H9
599,J7Z6T4
600,J7Z6C9
601,J5J2K5
602,J7E3T9
603,J0R1T0
604,J7Y0R1
605,H7W5M9
606,J7Z2S3
607,J5K2C9
608,H7N3W7
609,J6W2Z4
610,J5J1X3
611,J0R1R1
612,J7Y3V8
613,H7N4E8
614,J5J1Y9
615,J0T1S0
616,J5L2B9
617,G0J2K0
618,J7Y5L3
619,J5J0B8
620,J7Z1K7
621,J7Z0G3
622,J0K1Z0
623,J7G1Z8
624,J5K1M5
625,J5M0C3
626,J5M0C3
627,J7Y4W1
628,J5Y3S3
629,J7C1Z8
630,J9L0B2
631,J0T2N0
632,J5J0H7
633,J7Y2L7
634,J0R1B0
635,J7A3Y5
636,J7Y2C2
637,J7Y0K3
638,J5L1S2
639,J0K1Z0
640,J7Y3Z7
641,J7Z2A4
642,J7C4V7
643,J7Y5L1
644,J8C2M9
645,J6X3T8
646,J5L1K8
647,J5J2S8
648,J7J2E6
649,J0T1T0
650,J7Z2L9
651,J7Y1Y9
652,J7K0X2
653,J7Z5H4
654,J7Y0C2
655,J7C2N6
656,J7Z3N5
657,J7Z0B1
658,J8B1S9
659,J5K2E3
660,J0T1V0
661,J7Z4P6
662,J7Y1B9
663,J7R6L8
664,J5J2L8
665,J5K1Z7
666,J5L1E1
667,J6V1B4
668,J7Y4N6
669,J7Z2H4
670,J5L1S2
671,J0K1Z0
672,J7Y3N3
673,J5A0H6
674,J7J1P4
675,J7Y0K8
676,J7Z0A2
677,J5N4M5
678,J2B2G4
679,J0R1B0
680,J0R1R6
681,J0E2E0
682,J0R1R3
683,J7Z2P4
684,J7Z1E4
685,J5K2W2
686,J7Z3J2
687,J5J2G2
688,J0R1T0
689,J7Y3C4
690,J7Z2H4
691,J5J2M8
692,J7Y0H9
693,J5K1R1
694,J7C0M8
695,H2M1S4
696,J5L1J3
697,J7K3M8
698,H7A3V5
699,J7Y0P4
700,J7Z2S1
701,J0T1M0
702,J0N1E0
703,J8N4B1
704,J0K1Z0
705,J0W1C0
706,J7C4W3
707,J7Z0K3
708,J7Z6R3
709,J5L1S2
710,J7Y0N5
711,J7J1C5
712,J7Z3Z2
713,H2M0A9
714,J5J0H2
715,J5L2L2
716,J0V2B0
717,J6Z2X1
718,J7Z0C2
719,J5K2E3
720,J8H3W8
721,J5L2N8
722,J7C4M7
723,J0K2T0
724,J5L1S1
725,J5K1Z7
726,J5K0J7
727,J4H2W1
728,J5L1Y4
729,J8B3A2
730,J7Y1B1
731,J7Y5K6
732,J7Y5K6
733,J7Y5K6
734,J7Y5K6
735,J7Y0B4
736,J5L1H4
737,J8C3E2
738,J7R7K1
739,J7Z1K7
740,J7Z0K8
741,J8B3L3
742,J0R1B0
743,J6Z2X1
744,H2E1X7
745,J5L2B1
746,J7Z1W1
747,J0R1R7
748,G7A1A6
749,J8H1W8
750,J7Y0M4
751,J7Y0P7
752,J7N0C1
753,J9L1Z2
754,J6W5H2
755,J0W1R0
756,J5K0J7
757,J7Y4H1
758,J7Z7E3
759,J8B1S4
760,J0R1B0
761,J7Z3J6
762,J7Y4N6
763,H7E3B4
764,H7P5Y1
765,J8E2S8
766,J7Z7N5
767,J4J3K7
768,J7Z2N5
769,H7H0B5
770,J0R1H0
771,J7Z5X1
772,J7Z0L2
773,J7Y2Y9
774,J5L1E4
775,J7Y5L1
776,J5K1Z7
777,J5L2A3
778,J0V1J0
779,J5L2S2
780,J8B1Z2
781,J5J1N9
782,J6Z1S7
783,J7Z3N9
784,J7Z3N4
785,J5L0C6
786,J0R1B0
787,J0K1S0
788,J5J2S6
789,J7Y0A9
790,J0K1K0
791,J0T1G0
792,J7J1E7
793,J7Z6Z5
794,J7Z6V3
795,J7Z0A8
796,J7C2N7
797,J7Y0A2
798,J7Y3V7
799,J5L0G5
800,J0X3C0
801,J0W1H0
802,J0B1B0
803,H1A3P1
804,J7Y0G7
805,J7C1V1
806,J5J2X3
807,J7C2R2
808,J7Y0A2
809,J8C0R7
810,J0R1K0
811,J6X3M7
812,J7N3H3
813,J6Z0A6
814,H2S2P9
815,J8A1C9
816,J5K1S1
817,J5K2H7
818,J8A0A2
819,J8H0S2
820,J6Z2Y4
821,J7Z3W1
822,J7Y0R1
823,H7G2T6
824,J0R1T0
825,J0R1R1
826,H7L2K6
827,J7Z6S5
828,J7N1N3
829,J5J1T5
830,J8B2R1
831,J7Y2X7
832,J7Z6K9
833,J7Y5C1
834,J8A1N4
835,J0R1T1
836,J7T4B5
837,J0R1T0
838,J0T1H0
839,J7Z1L6
840,J8B2R6
841,J3L3C2
842,J0R1H0
843,J8A0B9
844,J7Z3X8
845,J7J1J2
846,J7Z6V6
847,J0K2L0
848,J5K1W5
849,J7Z4E6
850,J8B3C8
851,J7Y0C9
852,J744G6
853,J5J2T6
854,J7N1X7
855,J7Y0K7
856,J5L1H7
857,J8E2T3
858,J0K1Z0
859,J8A1W2
860,J0T2P0
861,J0K1Z0
862,J0T2C0
863,J7Y0B1
864,J7Y3P6
865,J0T1L0
866,J5L0C5
867,J7Y4Y1
868,J7N3C4
869,J8H1Y8
870,J5J2J9
871,J7Y1Z8
872,J7Z3R6
873,J7Y2M2
874,J7Z7J5
875,J7Y1G8
876,J5L1J8
877,J8B2K5
878,J5L1P3
879,J0R1H0
880,J7Z3J1
881,J5K2C7
882,J0R1T0
883,H7P1A6
884,J7Y0N8
885,J7Z1M4
886,J7Y1K2
887,J7Z3B6
888,J7Y3P8
889,G6V5S7
890,J7Z2T6
891,J5L1C1
892,J7Z1N6
893,J5K2R5
894,J0R1B0
895,J7Y4M7
896,J7N1J1
897,J7Y0L3
898,J0R1T0
899,J7Z2A4
900,J5L2H9
901,J7Y1K2
902,G0W1H0
903,J7Z7L4
904,J7E5V7
905,J7Y3B6
906,J7Y3B6
907,V6X1A7
908,J0R1N0
909,J7Y0A9
910,J8B2X2
911,J5K2R6
912,J5L2H9
913,J5J2P3
914,J7Z7N5
915,J0R1T0
916,J7Y5H3
917,J7N3M9
918,J7J2H9
919,J0R1T0
920,J7Y2X8
921,J5L1C1
922,J5L1Z8
923,J0R1B0
924,J7H1A7
925,J5J0E2
926,J4Z1S4
927,J5L1G3
928,J7Z3B1
929,J5J2J8
930,J7Z5L6
931,J5L1K2
932,J7Y4W2
933,J7Y4S1
934,J5L2H3
935,J7N1J1
936,J8B1J4
937,J5L2H3
938,J7Z4V6
939,J7Y3A9
940,J7C5B4
941,J0T1K0
942,J8H3B8
943,J5L2H3
944,J7Y4T1
945,J7Y0P3
946,J7E3C2
947,J5L2R3
948,J0T2B0
949,J0R1T0
950,J7Z5H1
951,J7Z0E3
952,J7Y5J3
953,J7Z6Y6
954,J7Z6X1
955,J7R6L8
956,J5K1E5
957,J7Y4L1
958,J7Z2N7
959,J7N2G9
960,J0V1B0
961,J7Y1A3
962,J0V1X0
963,J0R1T0
964,J5L1W9
965,G0W1H9
966,J5L1W9
967,J0R1T0
968,J7Y1G7
969,J7Y3K6
970,J7Z3H5
971,J0R1K0
972,J7Y5E7
973,J7E1C1
974,J7Y0R5
975,J0R1T0
976,J0R1S0
977,J7Z3R6
978,J0R1T0
979,J7Z6H9
980,J7Y4M5
981,H2L3J6
982,J5L1B9
983,J7Y2B7
984,J5L2L2
985,J7Y4T4
986,J7Z1K1
987,J7Z6Y6
988,J0R1T0
989,J0R1R4
990,J8B1J4
991,J7Z4V6
992,J7N1J1
993,J5L1R2
994,J0K1Z0
995,J7M0E5
996,J7Z4V6
997,J7Y1V7
998,J7Y4T1
999,J7Z6W9
1000,J8A0A2
1001,J5M1K8
1002,J5J2R2
1003,J7Z6G6
1004,J7N3N7
1005,J5L1G2
1006,J5L2H3
1007,J5L1V2
1008,J5L0C4
1009,J5L2P7
1010,J0T2R0
1011,J7C5G6
1012,J0R-1T0
1013,J8B2T5
1014,J5J2T3
1015,J7Y1A3
1016,J5J2K4
1017,J8A3P3
1018,J0R1H0
1019,J7Z2K1
1020,H2T2E2
1021,J7Z5J4
1022,J5L1L2
1023,J5L1W5
1024,JOR1T0
1025,J0R1B0
1026,J5L2S8
1027,H1X2B5
1028,J8G1Y9
1029,J0R1K0
1030,J0R1K0
1031,J7Y1Z4
1032,J5K2C9
1033,J5L0C7
1034,J8B2K5
1035,J0R1N0
1036,J5L1E7
1037,J7Z6V9
1038,J5J1W8
1039,J7J1X4
1040,J5J1K1
1041,J5J2T3
1042,H2H1V8
1043,J5K1W4
1044,J7Z3Z8
1045,J5L2P7
1046,J8A3P9
1047,J7Y4L4
1048,H3M3A4
1049,J7Z6Y6
1050,J7Z2G9
1051,J5J1M9
1052,J7Y0S6
1053,J7Z0G3
1054,J7Y4R6
1055,J7Z7H2
1056,J5J0H5
1057,J7Z6G6
1058,J7Z6X1
1059,J5L2C8
1060,J0R1T0
1061,J7Z4E9
1062,J5J2S8
1063,J0R1N0
1064,J5K2C7
1065,J7J1N8
1066,H7N4A8
1067,J7Z5S1
1068,J7Z0J9
1069,J0R1R3
1070,J8H3W1
1071,J7Y4L1
1072,J7Z3X2
1073,J5L1L7
1074,J5L1L7
1075,J7J0Y7
1076,J7E3S6
1077,J7Z6G8
1078,J5K1H0
1079,J5L2R4
1080,J0R1B0
1081,J7Z7H2
1082,J5L0N9
1083,J0N1H0
1084,G1E3N7
1085,J5K1C4
1086,J7Y2N2
1087,J5J0A6
1088,J5J0G8
1089,J7Y1W4
1090,J5J2K6
1091,J5L2K5
1092,J7Y4K3
1093,J0R1T0
1094,J0R1T0
1095,J5K1V8
1096,J7Y0E7
1097,J7Y4W2
1098,J5K1M1
1099,J7Z0L3
1100,J5L0C8
1101,G0X2J0
1102,J5L2P9
1103,J5L1L6
1104,J7N1Y5
1105,J5J2R9
1106,J5Y1R2
1107,J7Y4Z4
1108,J5L1E1
1109,J5K2R5
1110,J5L1P3
1111,J7Y0E1
1112,J0K2B0
1113,J5J2T6
1114,J7Z4G4
1115,J7Z4G4
1116,J0R1A0
1117,H7C2M6
1118,J0R1T0
1119,J8C3M6
1120,J7N0K4
1121,J5L1Y4
1122,J0R1T0
1123,J0R1H0
1124,J0R1K0
1125,J0R1T0
1126,J7Y1Y4
1127,J0T1R0
1128,J5J2T6
1129,J7Y2N1
1130,J0R1T0
1131,J7Z2E1
1132,J7Z3V3
1133,J7Y0M3
1134,J0R1H0
1135,J0K2B0
1136,H4G3H2
1137,J7Z6V9
1138,J5L0H5
1139,J5K1E5
1140,J7Y1X5
1141,J8H0N9
1142,J7Y2J4
1143,J5J1T2
1144,J0R1T0
1145,J0T2M0
1146,J8A3E1
1147,J7Z2S8
1148,J7N2B9
1149,J5J2V3
1150,J7Y4L1
1151,J5L4N2
1152,J5L0C8
1153,J5J2K7
1154,J5L2B6
1155,J0R1B0
1156,J7J0V1
1157,J5L1L7
1158,G0X2J0
1159,J7N0W5
1160,J7Y1G2
1161,J7Z3H5
1162,J7Y1M5
1163,G0V1K0
1164,J7Z4V7
1165,J0R1B0
1166,J7Y4R7
1167,J7Z0E4
1168,J8A1H
1169,J5J2G2
1170,J7Z1C4
1171,J8A3R3
1172,J5J2T6
1173,J7Z3L6
1174,J6X4B6
1175,J5J2G2
1176,J5K1P5
1177,J7N1J1
1178,J7Y4Y1
1179,J0R1K0
1180,J5L0N2
1181,J7Y1M5
1182,J5L1H2
1183,J5J0A6
1184,J7Y4J3
1185,H4R1G1
1186,J7Z4E9
1187,J5J0G5
1188,J7Y2M5
1189,J7Z7E5
1190,J7Z5P8
1191,J7Y3C5
1192,J7Y3C5
1193,J7Y2W2
1194,J7Z4G4
1195,J5L1L7
1196,J7C5B4
1197,J5M0J7
1198,J5M0J7
1199,J3B1G2
1200,J0V1H0
1201,J7Y2X5
1202,J7Z6S5
1203,J7Y4J3
1204,J7Y4J3
1205,J7Z6G8
1206,J5J2C9
1207,J7Y4J3
1208,J5L2M8
1209,J7L0E4
1210,J7Z4G4
1211,J5K2T5
1212,J5K2T5
1213,J5K2T5
1214,J7Z5X9
1215,J7Z2A2
1216,J5J2G2
1217,J7Y2X5
1218,J7Z5S2
1219,J7Y4K8
1220,J7Y2C8
1221,J7Z6G8
1222,J7Y4W2
1223,J7Y5J6
1224,J7G1X4
1225,J7Z5L6
1226,J7Y5J6
1227,J5L2M1
1228,J7Y1H7
1229,J5L1S8
1230,J7Y0C4
1231,J7J1S2
1232,J7Y5E1
1233,J5K0A2
1234,J7Y4P6
1235,J7Z3R7
1236,J7Z1P3
1237,J5J0G5
1238,J5K2T5
1239,J0T1T0
1240,J0R1R1
1241,J3B1J2
1242,J5L0H3
1243,J7Z3R6
1244,J0R1B0
1245,J7Z7E5
1246,J7M3N7
1247,J7Z3R6
1248,J0B3E4
1249,J7Z2T6
1250,J7J2H5
1251,J7J1J9
1252,J0R1R4
1253,J8B1G4
1254,J5L1Z1
1255,J5K2C7
1256,J5K2C7
1257,J5K2C7
1258,J8H3W1
1259,J7Y1M9
1260,J7Z3J4
1261,J7N0X9
1262,J5J2B6
1263,J7Y1R9
1264,J0T2B0
1265,J5J2J8
1266,J7Z4G4
1267,J7Z6G7
1268,J8H3W1
1269,J7J1J9
1270,J7Z3J4
1271,J5K2R5
1272,J5J1W5
1273,J5J2W5
1274,J7Y2Y5
1275,J7Z1B9
1276,J7Y4L5
1277,J7N1T4
1278,J7N1T4
1279,J7N1T4
1280,J7N1T4
1281,J7Z2G4
1282,J0K1Z0
1283,J5L1Z1
1284,J7Z2C1
1285,J7Y4L1
1286,J7N1E2
1287,J7Y3X3
1288,J5L0H3
1289,J7N1T4
1290,J0R1R0
1291,J0R1T0
1292,J5J0A6
1293,J7Z2X7
1294,H3W1N3
1295,J7Y0R4
1296,J5K1W1
1297,J7Z6W9
1298,J7Z2A2
1299,J7Z2A2
1300,J7Y5H3
1301,J7Z3R6
1302,J5L1K2
1303,J5J0H7
1304,J5J2S8
1305,H1T1W3
1306,J5K2T5
1307,J5L2S1
1308,J5J1K1
1309,J5L2R5
1310,J7Y4L6
1311,J7Y4L5
1312,J0R1K0
1313,J7Z2L5
1314,J7Z3A9
1315,J7Z4V9
1316,J7Z3S4
1317,J7Z6V7
1318,J5K2B7
1319,J7Z5X9
1320,J7Z3P1
1321,J7Z0E4
1322,J7Z1E3
1323,J0R1T0
1324,J0R1T0
1325,J0R1T0
1326,J0R1T0
1327,J7Y2W4
1328,J7Y1R6
1329,J5J2X5
1330,J7Z1T4
1331,J7Z2A2
1332,J7Y5B4
1333,J5L1K6
1334,J5J1T2
1335,J7Z7L3
1336,J5J1J4
1337,J5L1X6
1338,J5L1X6
1339,J7Z7B8
1340,J5L1X6
1341,J5J1K1
1342,J8A3P9
1343,J7R5J8
1344,J6W5X1
1345,J7Y1R6
1346,J7Y1Z8
1347,J7Y2S1
1348,J7Z2E1
1349,J5L1A5
1350,J7Z1K4
1351,J5J2T5
1352,J7Y3Z4
1353,J7Y4P6
1354,J7Z1B7
1355,J7Z5N8
1356,J7N3B3
1357,J8G1X6
1358,J7J2C3
1359,J7Y3T8
1360,J5L1L7
1361,J7Z6H9
1362,J7Z6H9
1363,J7Z2N7
1364,J5K1A2
1365,J7R6N6
1366,J7Z2H4
1367,J7N1R6
1368,J5L2M6
1369,J5L2M6
1370,J7Y0C3
1371,J7N0C9
1372,J5J2C9
1373,J8E2P1
1374,J7Z6W6
1375,J5L1X6
1376,J5K1C3
1377,J7Z5H1
1378,J7Z3B2
1379,J8B3C8
1380,J7Z5R4
1381,J6Z0B2
1382,J7Z2L6
1383,J6Z0B2
1384,J7Z2M2
1385,J0R1B0
1386,J9T2K8
1387,J7C2N7
1388,J7Y2Y5
1389,J0R1R5
1390,J7Z4R5
1391,J5L1X4
1392,J5K1S1
1393,J5K0G7
1394,J7Y1X2
1395,J7N1R6
1396,J7N0G3
1397,J5K0G7
1398,J5K1E2
1399,J5K1E2
1400,H7N6G8
1401,J5L1Z8
1402,J7J0N4
1403,J5K1E2
1404,J5L0C4
1405,J5L2S2
1406,J5J0L9
1407,JOR-1TO
1408,J7Y4P5
1409,J7Z3X1
1410,J7Y3K8
1411,J5L1G8
1412,J5L1G8
1413,J5L1G8
1414,J6Z0B2
1415,J5K1W4
1416,J5K1K7
1417,G8T5E2
1418,J7G2N2
1419,J5J2V3
1420,J7Z4E9
1421,J5L1X4
1422,J7Y1H6
1423,J7C0X4
1424,J7Y0C7
1425,J7Y2M2
1426,J5K2C7
1427,J7Z0E1
1428,J7Z0E1
1429,J7Y2J8
1430,J7Z0G3
1431,J7Z6B4
1432,J5K1A4
1433,J5K2R5
1434,J7Y0M2
1435,J7Y1R7
1436,J7Y1T7
1437,J7Y1R6
1438,J0R1H0
1439,J0V1J0
1440,J5L2E7
1441,J5L1K9
1442,J5J2S3
1443,J7Z0A4
1444,J7Z7C6
1445,J7N3G6
1446,J7N3G6
1447,H7P0H6
1448,J5K1S1
1449,J7N2Y3
1450,J8A2Y8
1451,J7Y3C5
1452,J0V1J0
1453,H7K1Z6
1454,J7Y4J9
1455,H7T0R9
1456,J7Z5J1
1457,J7G3E3
1458,J7N0A3
1459,J0K1T0
1460,J0R1T0
1461,J0R1T0
1462,J7Z6E1
1463,J5J2C4
1464,J5J0L9
1465,J0R1T0
1466,J7Z5L7
1467,J7E1K6
1468,J0K3E0
1469,J7Y0A5
1470,J7Z5X1
1471,J7G3H5
1472,J7Y1A8
1473,J7Y5H3
1474,J7Z4L6
1475,J5L1T5
1476,J7Y1C9
1477,J0T2M0
1478,J7Y2C4
1479,J0R1R6
1480,J0R1T1
1481,J5L2M7
1482,J5L2M7
1483,J5M1X3
1484,J0R1T0
1485,J0K3E0
1486,J8B2K8
1487,J5K0H2
1488,J0R1R1
1489,J7Y4L6
1490,J5J2N3
1491,J8E3A7
1492,J0K2T0
1493,J7Y1V9
1494,J8L0W4
1495,J7Y3Z8
1496,J7Y5K9
1497,J7Y5K9
1498,J7Z0G3
1499,J4Z0P4
1500,J0R1B0
1501,J0R1B0
1502,J7Y2E4
1503,J5K1W4
1504,J7P0B5
1505,J7P1A7
1506,J7N3K1
1507,J7Y4L5
1508,J5L1H7
1509,J7Y4G6
1510,J5L2G1
1511,J0V1K0
1512,J0R1H0
1513,J7Y4V7
1514,J7Y1C9
1515,J7Z6W8
1516,J7N3N2
1517,J7Y4R9
1518,J0T1L0
1519,J7Y1X1
1520,J5L1C2
1521,J5L0H2
1522,J0K1S0
1523,H2J2R2
1524,J8A1B6
1525,H7H1S1
1526,H7P5K9
1527,J6Y0J4
1528,J5J2Y6
1529,J0T1T0
1530,J6Y1M1
1531,J5M0B7
1532,J0R1T0
1533,J7Z0E4
1534,J7Z6T8
1535,J7Z2H4
1536,J6A0C7
1537,J5M1V8
1538,H2X1E3
1539,J6Z2L1
1540,J0T1T0
1541,J7Z4Y7
1542,J7K3Y7
1543,J7N3M6
1544,H2M0A9
1545,J0R1A0
1546,J7Z0L2
1547,J7Z4S5
1548,J7Z3N9
1549,J5J1V5
1550,J7Y1Z7
1551,J7J1M9
1552,J0T2R0
1553,J7Y5H3
1554,J5L2R5
1555,J7G2E4
1556,J7Y0A7
1557,J0R1T0
1558,J7N0C9
1559,J7N1R1
1560,J7C0J4
1561,J5L2G1
1562,J7N3M9
1563,J0R1T0
1564,J0R1T0
1565,J0T2N0
1566,J9L2X3
1567,J5L0K4
1568,J5K0J8
1569,J5L2G9
1570,J5L2K3
1571,J7J1N4
1572,J0T1H0
1573,J0K1Z0
1574,J5L2G9
1575,J5J2A1
1576,J0R1B0
1577,J5L0C4
1578,J5J2C7
1579,G1X1K6
1580,J0T2B0
1581,J8G2W8
1582,J7Y2T2
1583,J7Y4R5
1584,J5L1R5
1585,J7Z0A2
1586,J7Y4T2
1587,J7Z0A8
1588,J7J1N4
1589,J7Z1A4
1590,J7Y4N1
1591,J7Y1V7
1592,J5K0B1
1593,J7J0E8
1594,J7J0K4
1595,J7Y1X1
1596,J7Z2P1
1597,J0N1H0
1598,J3Y1Y6
1599,J7Y3B1
1600,J8A1H8
1601,J7Y2V4
1602,J0R1T0
1603,J0K1Z0
1604,H2C2G6
1605,J5L1R7
1606,J5M2B6
1607,J7Z6T9
1608,J7N1L5
1609,J7G2P8
1610,J5L2H4
1611,J5L1P3
1612,J7Y0B1
1613,J0T1S0
1614,J0T1S0
1615,J0T1S0
1616,J0K2B0
1617,J8L0X8
1618,H7S2K1
1619,J7Y5A7
1620,J7Z2T6
1621,J7Y0M4
1622,J7Y0G9
1623,J7Y3K8
1624,J7C0Y6
1625,J5J2S8
1626,J7N1M6
1627,J7N3G6
1628,J7Y4L6
1629,J5J2S1
1630,J7Y0K8
1631,J5L2M6
1632,J7Z5X9
1633,H1A4M1
1634,J7Z3N1
1635,J5K1W4
1636,J0W1R0
1637,J7Y0C3
1638,J5L0K5
1639,J7Y4J2
1640,J7Y2Y9
1641,H4J1G1
1642,J7Z7H1
1643,J7Z4J5
1644,J5K1C5
1645,J7Y2V4
1646,J1X4Y6
1647,J6Z2B7
1648,J7Z7H8
1649,H1N1C4
1650,J5J0C3
1651,J7Y4P4
1652,J0R1T0
1653,J0V1K0
1654,J7Y2X7
1655,J7Y0P4
1656,J5J0E7
1657,J7Z6V7
1658,J8H3W8
1659,J5M1C3
1660,J5J2R5
1661,J7E4y7
1662,J7N0C2
1663,J0T1L0
1664,J7J1P7
1665,J7M0S6
1666,J7Y1J7
1667,J7Y5J3
1668,J7Y5L6
1669,J0R1T0
1670,J0K1S0
1671,J7Y3Z4
1672,J5L1H5
1673,J0N1H0
1674,J0T2G0
1675,J0T2C0
1676,J7Y2T8
1677,J5L2C5
1678,J7Y3L5
1679,H8N0H1
1680,J5M1C9
1681,J5L2T2
1682,J5L2T2
1683,J7Z2M5
1684,J7Y2M3
1685,J5J0H2
1686,J5K1C3
1687,J7Y0P8
1688,J5J1L8
1689,J7Y1N2
1690,J5L2A1
1691,J5Z1K6
1692,J5J0K9
1693,J5L0A2
1694,J5L0A2
1695,J5L0A2
1696,J5L0A2
1697,J7Z2S1
1698,J5K1H8
1699,J7Z7L8
1700,J5J2A4
1701,J0K1W0
1702,J7N0Y1
1703,J7Y1W1
1704,J5J2S8
1705,J5J2B6
1706,J5K1Y3
1707,J8C1W4
1708,J5J2S1
1709,J7Z7H1
1710,J7Z2M4
1711,J7Y5K6
1712,J7Y3E9
1713,J7P4H1
1714,J5L0K4
1715,J7Z2K7
1716,J0N1E0
1717,J7J0C9
1718,J8A1K6
1719,J8H3W9
1720,J7Z5H3
1721,J5J1L6
1722,J7Z3V2
1723,J5J1X3
1724,J8B2A2
1725,J7N3H6
1726,J5K0B9
1727,J0R1T0
1728,J7N2G8
1729,J5K2E3
1730,J7Z7A8
1731,J7Z6W2
1732,J0W1H0
1733,J7Y0H5
1734,J7Y3Z7
1735,J7Y5C1
1736,J7Y0M4
1737,H1V2E5
1738,J3H0E9
1739,J0W1R0
1740,J7Z4R5
1741,J7Z4R5
1742,J7Y1G2
1743,J7Z4X3
1744,J5L1H4
1745,J7E3N9
1746,H7K2K1
1747,J7Z7H6
1748,J0T1K0
1749,J7Y3W1
1750,J7Z5X1
1751,J8H2B1
1752,J7Y3P4
1753,J7Y2P6
1754,H7Z2K2
1755,J7Y1B6
1756,J7Y2X7
1757,J7Y2X7
1758,J7Y3Z4
1759,J5J1W7
1760,H1V5E5
1761,J7Z2S3
1762,J7Z3B1
1763,J7Z0H6
1764,J7J2R8
1765,J5L0C4
1766,J7Z2C4
1767,J0R1B0
1768,J7Z4X5
1769,J0R1B0
1770,J5J2Y2
1771,J5J1W2
1772,J0R1R4
1773,J0R1R4
1774,J7Z4B3
1775,J7Y4R3
1776,J5K1W4
1777,J7Y1W4
1778,J7Y5J1
1779,J7Z1X4
1780,J7Z3Z8
1781,G1L1R4
1782,J5J0E9
1783,J0YIB0
1784,J8C2H9
1785,J0K1A0
1786,J7Y3G6
1787,J5L2C4
1788,J8B2Y6
1789,J8A0A1
1790,J7Z0G7
1791,J5L2J2
1792,J5R0R8
1793,J5L2J2
1794,J0V1X0
1795,J7Y3B2
1796,J5K1K7
1797,J7Y4S1
1798,J7Y4S1
1799,J5J0P4
1800,J7Y4X3
1801,J7Z2C1
1802,J7Z5X9
1803,J7Z0K8
1804,H7N5G1
1805,J8G0E3
1806,J8A3B3
1807,J7Z0L2
1808,J5L1Y4
1809,J7Y4G3
1810,J7Z0G6
1811,J0R1R7
1812,J0R1T0
1813,J5J2T4
1814,J7C4L3
1815,J7Y0M7
1816,J7Y5H3
1817,J&H0G5
1818,J0K1Z0
1819,J7Y4J2
1820,J8A3A8
1821,J5J0B8
1822,J7Z4F5
1823,J7Z0H5
1824,J5L2H8
1825,J7Y5B7
1826,J0K3B0
1827,J7N0C9
1828,J7N0C9
1829,J4L4P7
1830,J7Y4P6
1831,J7C4R1
1832,J5J2R9
1833,J7Y3A3
1834,J0R1B0
1835,H1N2Z3
1836,J7Z0J5
1837,G1V0H6
1838,J5K2C7
1839,J0V1K0
1840,J7Z6S4
1841,J5K2C7
1842,J0R1T0
1843,J0V1J0
1844,J7Y1T6
1845,J7Z5X1
1846,J7Z5X1
1847,J7Y0B9
1848,J7Y0B9
1849,J7N1P3
1850,J7Z0G6
1851,J5J1E2
1852,J7Y5L4
1853,J5J1J9
1854,J8A1W7
1855,J0W1R0
1856,J7N0W4
1857,J5N4M7
1858,J0R1T0
1859,J7Z1E2
1860,J5K1E5
1861,J7Y2A2
1862,J5L1E7
1863,J7Y0B9
1864,J7Y0B9
1865,J5J1P2
1866,J7Z7L8
1867,J7Z0J5
1868,J7Z7B9
1869,J7Z5B1
1870,J7Y2T8
1871,J5K0J7
1872,J0V1H2
1873,J7Y3X3
1874,J8C0P1
1875,J5L2C4
1876,J5L2B1
1877,J0R1R7
1878,J8B1X9
1879,J5J2C7
1880,J8B3B9
1881,J5L1T3
1882,J7Y5L3
1883,J8A3E1
1884,J0V1X0
1885,J0R1J0
1886,J5K0K4
1887,J0V1K0
1888,J5L0K4
1889,J5K1J8
1890,J5M0X8
1891,J8G1C9
1892,J7Y2V8
1893,J7Y4J2
1894,J7Y5J9
1895,J0T2N0
1896,J0T2N0
1897,J0T2N0
1898,J0T2B0
1899,J5J1P2
1900,H9R5V2
1901,J5J2T4
1902,J7Y3T1
1903,J0T1J2
1904,J7Y2V1
1905,J7N0C9
1906,J5J1K1
1907,J7Y2S5
1908,J7Y2N3
1909,J7Z5P5
1910,J5L2C4
1911,J5JOK4
1912,J7Z1B1
1913,J5J0H2
1914,J8G2E2
1915,J5J0A5
1916,J5L2H9
1917,J5J2J8
1918,J8C4A8
1919,J5J2J9
1920,J5J1T5
1921,J7K0M2
1922,J7J2S9
1923,J8H0L3
1924,J5J1J4
1925,J5J2J9
1926,J7Z0K8
1927,J7Y4L4
1928,J7Y3M6
1929,J7Z3B6
1930,J5L2G9
1931,J7Z2M5
1932,J7Y4J1
1933,J7Y3Z7
1934,J5J1P1
1935,J5L1L6
1936,J8H4P1
1937,H7M0A9
1938,J7Z2X5
1939,J5B0A2
1940,J7Z1E2
1941,J0R1T0
1942,J0R1T0
1943,J8G2Y3
1944,J7Y1H9
1945,J5L1T8
1946,J5L2S8
1947,J5J1X9
1948,J7Y0M7
1949,J8H0M1
1950,J7Y3K9
1951,J7Y1A8
1952,J7J2B9
1953,J7Z4R4
1954,J0R1B0
1955,J0N1N0
1956,J1X6X9
1957,J5L0K4
1958,J8A2L7
1959,J7Y3T1
1960,J7Y0C3
1961,J7Y0C3
1962,J0R1T0
1963,H7S2L5
1964,J5L2N9
1965,H7N6H2
1966,J5L2C5
1967,J7M2A1
1968,J7Y4S6
1969,J7Z6G1
1970,H4E2T3
1971,J5J2V2
1972,J7Y0H6
1973,J7Y4R6
1974,J5L2S8
1975,J5K1C2
1976,J4J4W5
1977,J5M2A7
1978,J5L1H2
1979,J5M0H5
1980,J0R1B0
1981,J5K2T9
1982,J7Z3Y9
1983,J7Y2Y9
1984,J7Y2V6
1985,J5L1A5
1986,J7N3G6
1987,J0R1T0
1988,J5J0P5
1989,J5K1C2
1990,J7Y2X8
1991,J5L1M4
1992,J8C0G7
1993,J0V1K0
1994,J0L2A0
1995,H7T0R9
1996,J0K2T0
1997,J5J2J6
1998,J5A1Y6
1999,J7J2H6
2000,G7Z5L5
2001,J5L1A5
2002,J0R1A0
2003,J7Z6C4
2004,J7Y0J1
2005,J7Y4K1
2006,J7J0H2
2007,J7J0N4
2008,J0N1H0
2009,J0K2T0
2010,J0K2L0
2011,J7N2Z9
2012,J5L0C5
2013,J7Y0H6
2014,J0R1T0
2015,J8B2T5
2016,J7Z3M9
2017,J5K1C3
2018,H7S2L9
2019,J8B2A4
2020,J7Y4S2
2021,J0T1M0
2022,J7Z7M2
2023,J7H0G5
2024,J7Y3L5
2025,J7Y3Z7
2026,J7Z5S1
2027,J5L1A5
2028,J7M1T4
2029,J8H3W8
2030,J7C5V5
2031,J8A0L5
2032,J0R1T0
2033,J7Y1K7
2034,J5K1C3
2035,J5K2H8
2036,J7C0X1
2037,J7Y2E4
2038,J7Y5L3
2039,J7J2P7
2040,J5L2S7
2041,J7S6S3
2042,J5J1N6
2043,J7Z2A5
2044,H7T2A1
2045,J7Y0A2
2046,J8G2E3
2047,J8C3T1
2048,J8C3T1
2049,J7Z7B8
2050,J5L1J3
2051,J7N1K2
2052,J5L2E7
2053,J5L2P7
2054,J0N1M0
2055,J7Z1A5
2056,J7Y0B5
2057,J0R1T0
2058,J0T1T0
2059,J8E1Z5
2060,J7Y4K6
2061,J5K1K7
2062,J7C3E3
2063,J5J0B8
2064,J0K1Z0
2065,J7Y5C1
2066,J7N0Y1
2067,H2K0H7
2068,J7N2W4
2069,J6E8G5
2070,J7Y0C3
2071,J7Y3Y5
2072,J0T1H0
2073,J5L1S3
2074,J7J0N4
2075,J7Y1N4
2076,J5K1H8
2077,J7Z2K6
2078,H7E1H7
2079,J6Z2P4
2080,J5L2P9
2081,J5K1Y6
2082,J7Y1V9
2083,J8A1T7
2084,J8A3P9
2085,J5K2C7
2086,J7Z3T5
2087,J7Y3L7
2088,J7J2S9
2089,H2K0H7
2090,J5L2P9
2091,J7Y5J1
2092,J9L2K7
2093,J0R1T0
2094,J7Y5B2
2095,J7N1R3
2096,J7J2L3
2097,J7Y5B2
2098,J0R1R4
2099,J5L0M3
2100,J7Y3R9
2101,J0T2C0
2102,J8A2J7
2103,J5L1R7
2104,J7Y1T6
2105,H7Y2G1
2106,J8A1C5
2107,J7Z3S7
2108,J7N1A2
2109,J7N0R6
2110,J7N1L2
2111,J8H0L4
2112,H4C3A9
2113,J8E2S8
2114,J7Y5H9
2115,J0R1R1
2116,J5L1H4
2117,J7N1J4
2118,J5M0W6
2119,J7Z7G1
2120,J7Y3B4
2121,J8A3A2
2122,J7Z3Y4
2123,J7Y0M4
2124,J5J2N1
2125,J5M0X8
2126,J7Y3Y5
2127,J6X0G5
2128,J6X0G5
2129,J5J1R3
2130,J7Y5J7
2131,J7Z3R6
2132,J7Z0E5
2133,J7J0H6
2134,J5K1L8
2135,J8G0E3
2136,J7Y0C9
2137,J5L2G1
2138,J5M2R1
2139,J5J1C4
2140,J6Y2B1
2141,J5J2L7
2142,J5W0C1
2143,J5M2M2
2144,J7Z1Y3
2145,J0K1Z0
2146,J5L2R3
2147,J5X4B9
2148,J7Y0E4
2149,J7C0A1
2150,J5J1S6
2151,J7Y2W1
2152,J5L2C8
2153,J0R1R1
2154,J5K1E7
2155,J7Z7N1
2156,J7Z4M5
2157,J7J2P1
2158,J7Y0C9
2159,J7Y4R1
2160,J0V1X0
2161,J7N1S1
2162,J5M1X8
2163,J0R1B0
2164,G0Z1B0
2165,G6H4M1
2166,J5L2P7
2167,J5M1P5
2168,J0R1V0
2169,J0R1B0
2170,G0Y1N0
2171,J5M2K5
2172,J5G2W7
2173,J8B0G7
2174,J8B1E9
2175,J5M1R8
2176,J5K1C8
2177,J7Y1W8
2178,J7Y4W1
2179,J7Z0G6
2180,J7Y4W1
2181,J7Y4W1
2182,J7Y0H1
2183,J5K1J8
2184,J7Y2Z7
2185,J5M4G0
2186,J5M4G0
2187,H2M1J7
2188,J5Y0B9
2189,J0T2N0
2190,J5L1X4
2191,H7M4R2
2192,J7Z5S1
2193,J7Z5S1
2194,J7Y1Z7
2195,J8A2H7
2196,J4G1B7
2197,J7Z5B7
2198,J5M1W7
2199,G5L2J3
2200,J7Y0B9
2201,J7Z6T2
2202,J7Y0N5
2203,J0T2N0
2204,J7Y2T2
2205,J7Y0C3
2206,J0R1R2
2207,J7Y5C1
2208,J7Y5C1
2209,J7Z3R6
2210,J7Z4H2
2211,J7N3H9
2212,J0K1C0
2213,J5L2S2
2214,J5L2B1
2215,J7Z6T5
2216,J0T1H0
2217,J8H2S2
2218,J7Y0A2
2219,J7Y4T5
2220,J7N0E6
2221,J7N0E6
2222,J0V1X0
2223,J5J2E5
2224,J0T1Y0
2225,J7Y3M6
2226,J0K1Z0
2227,J7Y3C6
2228,J7J0R9
2229,J5L1C5
2230,J0R1T0
2231,J5R2S1
2232,J7Y4H7
2233,J0R1T0
2234,J7Z0E3
2235,J3E0J4
2236,J7Y5C1
2237,J5N4E2
2238,G6V3P9
2239,J8A1W8
2240,J7Y0A5
2241,J7Y4X5
2242,J5J1J7
2243,J7C5Y1
2244,J7Z6W5
2245,J7Y1R6
2246,J7Z2L9
2247,J7J1K7
2248,J7Z0G5
2249,J7Y1M6
2250,J5M1P5
2251,J5M1P5
2252,J7Z6S7
2253,J7R6P7
2254,J0K3K0
2255,J7Y3V7
2256,J7N1P9
2257,J5Z1C9
2258,J7Y0H6
2259,J0V1J0
2260,J5M2E4
2261,J7Y1P6
2262,J7Y0H3
2263,J7Y0H3
2264,J7Y0H3
2265,J6W5W8
2266,J0V1B0
2267,J5J2S1
2268,J0K1E0
2269,J5L2P3
2270,J7E5W4
2271,J7E5W4
2272,J5K2T4
2273,J7R6L8
2274,J7Z6T5
2275,J7Z6P4
2276,J0T2P0
2277,J0K2T0
2278,J0L1P0
2279,J7Z0H4
2280,J5L0A3
2281,J7Z2L9
2282,J7Z6V6
2283,J7J1N8
2284,H1Z3M9
2285,J7Z0A4
2286,J7Y6C5
2287,J7Z3C8
2288,J5L2S2
2289,J0K2X0
2290,J5L0M3
2291,J5L0K4
2292,H1M3V4
2293,J0N1H0
2294,J7Y4W5
2295,J7C1X1
2296,J7Z5K7
2297,J5M0J6
2298,J5L2M1
2299,H7W2R1
2300,J7T0A5
2301,J7Z2T9
2302,J8A1A7
2303,J0B3E6
2304,J7Z0G3
2305,J0T1T0
2306,J8A1H4
2307,J0R1T0
2308,J7Z3P9
2309,J9T2N0
2310,J8A2J9
2311,H9R6D9
2312,J7Y3J6
2313,J7Z5X7
2314,J7J0J8
2315,J8A3A2
2316,J7Y4N4
2317,J7Y4N4
2318,J7Z0C2
2319,J7J0H6
2320,J8H1G4
2321,J5K1W3
2322,J7Y1G7
2323,J8A2R6
2324,J7Z0J8
2325,J7Y2V5
2326,J5L0E8
2327,J7Y5L7
2328,J5J0H7
2329,J5J2N5
2330,J0T2B0
2331,H7P0E1
2332,J7Y3Z6
2333,J8B2H6
2334,J5L1S6
2335,J0R1R2
2336,J7Z5N7
2337,J8B1R8
2338,J5M2T4
2339,J7Y0B3
2340,J0K1Y0
2341,J7Y2Y9
2342,J8A1H4
2343,J5J1J4
2344,J7Z2P2
2345,J6Y1W4
2346,J5K1H4
2347,J7Z0K2
2348,J7Y0C7
2349,J7Z7M2
2350,J5J2S2
2351,J0T2N0
2352,J0R1T0
2353,J7Y0N1
2354,J7Z2V6
2355,J7Y4Z8
2356,J5K2L5
2357,J0R1K0
2358,J7Y4J3
2359,J7Y4R7
2360,J0R1B0
2361,J5K2W2
2362,J8A0H1
2363,J8A3R7
2364,J7Y4J2
2365,J5L2L7
2366,J5L2L7
2367,J0R1T0
2368,J5L1G4
2369,J0T1J0
2370,J0P1L0
2371,J0W1R0
2372,J7Y0E7
2373,J8M3C5
2374,J8A1Z2
2375,J0N1H0
2376,J5L1T5
2377,J0R1T0
2378,J0R1B0
2379,J7Z4R4
2380,J7Z4Z4
2381,J0T2J0
2382,J7Z6S1
2383,J8B2R4
2384,J7E5V1
2385,J7H0H4
2386,J0K2T0
2387,J7Y1B1
2388,J7Y1T8
2389,J7Z2J7
2390,J5L2M6
2391,J0K2T0
2392,J7Y1K2
2393,J7Y4G4
2394,J5L1G4
2395,J7Y4H7
2396,J7Z5L5
2397,J5L1V5
2398,J5M0J9
2399,J6E2E9
2400,J7Y2A8
2401,J0K1Z0
2402,J5L1S8
2403,J5L1H2
2404,J8H3W9
2405,J7Y3W6
2406,J7Y4V2
2407,J7Z4J7
2408,J7N0J7
2409,J7J1J1
2410,J7Z6P4
2411,J7YOP7
2412,J7Y0P7
2413,J1Y0H9
2414,J0R1K0
2415,J7Z0A1
2416,J7Y4W3
2417,J8B1S4
2418,J7Y3L7
2419,J0R1R3
2420,J0R1B0
2421,J7Z0A1
2422,J5K2B9
2423,J5L2J4
2424,J8A1L9
2425,J9L2C5
2426,J8B1W3
2427,J7N3C4
2428,J5L1T5
2429,J7Z5X1
2430,J0R1A0
2431,J7Z0A4
2432,J5L0K4
2433,J7Y4P9
2434,J0T1T0
2435,J7Y0C1
2436,J5J0E3
2437,J5J0E3
2438,J0R1R0
2439,J7Y4S6
2440,J6S0E3
2441,J7Y0C7
2442,J7Z0A1
2443,J7Z4E6
2444,J5L1S5
2445,J5K2J1
2446,J7K0M4
2447,J7C4K8
2448,J8A2E4
2449,J8B1T2
2450,J5L1N8
2451,J5L0C4
2452,J8A1V6
2453,J0W1K0
2454,J7Z0G1
2455,J7Y5C1
2456,J0R1B0
2457,G6G3A1
2458,J0R1R2
2459,J8A1X8
2460,J5K1Y7
2461,J5K0C6
2462,J8B3M9
2463,J8H3W8
2464,J7Z3L2
2465,J5K1E5
2466,J5J1W3
2467,J7Y1K1
2468,J5K0H2
2469,J5J1E5
2470,J7J1N3
2471,J5J2P1
2472,J0R1T0
2473,J8A3C2
2474,J5L2M7
2475,J7Y1W6
2476,J7Z5L6
2477,J0K1Z0
2478,J8B1K7
2479,J7Z5B2
2480,J5L1C7
2481,J5K1M8
2482,J5K1C7
2483,J0V1X0
2484,J7Y1V6
2485,J5L1Z8
2486,J7Z3B1
2487,J5J1G1
2488,J0T1L0
2489,J5K1V7
2490,J6X4T4
2491,J5J2W5
2492,J7Y4S6
2493,J0R1K0
2494,J7Y4T3
2495,J0K1Z0
2496,J0R1B0
2497,J0R1B0
2498,J7Z6G6
2499,J8A1W8
2500,J0K2T0
2501,J0K1Z0
2502,J7Y4M4
2503,J9B1A6
2504,J7Y2V4
2505,J7Z5B7
2506,J5K1C3
2507,J5K1V8
2508,J0W1S0
2509,J0R1R4
2510,J7Y5J6
2511,G0G1J0
2512,J7Y2V5
2513,J7Y2V5
2514,J5K1M8
2515,J7Y4R3
2516,J5L2K9
2517,J9L3G6
2518,J9L3G6
2519,J0V1X0
2520,J8B0J6
2521,J0K1P0
2522,J7Y3V8
2523,J7Y2A8
2524,J0K2T0
2525,J7N1N6
2526,J5L1H9
2527,J7Z2G7
2528,J0R1K0
2529,J5L1T8
2530,J7L1J1
2531,J0R1B0
2532,J7Y4W7
2533,J0R1R3
2534,J5L1R3
2535,J7Z2A2
2536,J7Z2A2
2537,J5L0N2
2538,J0R1R4
2539,J0E1X0
2540,J7Y2T7
2541,J7J1H4
2542,J5L1A5
2543,J9L1K5
2544,H1Z4V8
2545,J7Y5H9
2546,J8H0T4
2547,J7K2H5
2548,J5L2M7
2549,J0T1G0
2550,J0W1R0
2551,J7Y0B6
2552,J8H2S9
2553,J8A3K9
2554,J5K0P9
2555,J7Y5K5
2556,J7Y3W6
2557,J7Z0E4
2558,J7Z6W5
2559,J7Z7L3
2560,J7N1R2
2561,J7Z2G7
2562,J7N0S2
2563,J0R1T0
2564,J5J2H7
2565,J8B2B7
2566,J5L0J9
2567,J5K0A3
2568,J5M1P1
2569,J0K3K0
2570,J0K2B0
2571,J5J1Y8
2572,J0V1X2
2573,J7Y0H7
2574,J7Z7J4
2575,J0R1A0
2576,J6Z2W9
2577,J0T2B0
2578,J8A3S5
2579,J5L2M6
2580,J7C1Z5
2581,J7Y2M2
2582,J7Z6S7
2583,J7Y2X3
2584,J7C0P3
2585,J7Y2C6
2586,J8B0A5
2587,J0K1Z0
2588,J7Y5J1
2589,J8A3A8
2590,J0R1K0
2591,J0R1K0
2592,J7Z5R4
2593,J7Y0B9
2594,J0T1T0
2595,J7N3T3
2596,J8B)K8
2597,J5L2R9
2598,J7Y0N5
2599,J6E1B8
2600,J8A0H9
2601,J0R1K0
2602,J7Y2E1
2603,J7Z3H1
2604,J7Z1M6
2605,J7Y0B8
2606,J7Z5C3
2607,J7Z1Y2
2608,J7N1T4
2609,J5L2K9
2610,J5L2K9
2611,J7Y2V4
2612,J8A1T7
2613,J7Z3A9
2614,H7J1A6
2615,J6L0J9
2616,J7Z4L2
2617,J5K1R1
2618,J5K1R1
2619,J8B3K1
2620,J7Y5B8
2621,J7J0G5
2622,J7Z4X
2623,J7Y5K6
2624,J5K0R8
2625,J0T1R6
2626,J7Y5H5
2627,J5J1H3
2628,J5J1H3
2629,J8A3B3
2630,J0R1H0
2631,J7Y0P4
2632,J0K1S0
2633,J7Y2C6
2634,J7Z4X7
2635,J5T1G7
2636,J7Y5H5
2637,J5L2L7
2638,J0T2N0
2639,J5L0N2
2640,J7Y3V8
2641,J7Y2C4
2642,J7Z4W2
2643,J5K0M1
2644,J7Y2P5
2645,J5M0C3
2646,J7Y0R4
2647,J7Y4K6
2648,J7Y4N4
2649,J0V1X0
2650,J0T1J1
2651,J0T2N0
2652,J6Z1J9
2653,J7Z0L2
2654,J5M2R1
2655,J5K1M8
2656,J5J1T5
2657,J0R1K0
2658,J5J2C9
2659,J7Y0B4
2660,J7Z3T5
2661,J0R1B0
2662,J7G1R9
2663,J7Z4V1
2664,J0R1B0
2665,J8C3V1
2666,J5L2P7
2667,J2B0B2
2668,J7Y1V6
2669,J5J0E2
2670,J5K2S2
2671,J7Z6Y1
2672,J7Y0C3
2673,J7Z1C4
2674,J7J1W1
2675,H7L0A8
2676,J7Y4X3
2677,J5K0H2
2678,J5K0H2
2679,J7Y0E7
2680,J0K1S0
2681,J7C4P9
2682,J8B1N5
2683,H7V3R3
2684,J7Y2W7
2685,J7J1L9
2686,J0R1B0
2687,J5K1B7
2688,J5J2J8
2689,J5J0A5
2690,J0T2N0
2691,H4G2W4
2692,J5M0S8
2693,J7Z1G6
2694,J7Z0A8
2695,J7N3P1
2696,J7Y3H6
2697,J0R1T0
2698,J8H1S6
2699,J7Z5B2
2700,J0R1R1
2701,J0T1E0
2702,J7Z5B6
2703,J0R1T0
2704,J7Y4L9
2705,J5L2K6
2706,J7Z5X9
2707,J7Y3B3
2708,J1E2K9
2709,J7Y3B3
2710,J5J2T3
2711,J7Y4V7
2712,J7Z4P6
2713,J7J0R3
2714,J7Z1S4
2715,J8C3P1
2716,J0K1Z0
2717,J0K1Z0
2718,J5M2K5
2719,J0T2R0
2720,H1Y1C5
2721,J5M2K5
2722,J7Y5L6
2723,J7Y3Y5
2724,J7Z1E6
2725,J7Y3X3
2726,J1E2X1
2727,J7Y5J9
2728,J5J2P5
2729,H7T0B8
2730,J7E4Y3
2731,J7Z4Y2
2732,J5L2K8
2733,J5M0J6
2734,J8A1A6
2735,J5J1N6
2736,J0T2E0
2737,J5K2A1
2738,J7Z5B1
2739,J7Y4V2
2740,J5J0E9
2741,J8B1X7
2742,J7Z3J2
2743,J7Y4P2
2744,J5L1H2
2745,J3Z375
2746,J7Y2Y9
2747,J7N1K2
2748,J5J0N7
2749,J0R1T0
2750,J6K2T1
2751,J7Y3V7
2752,J7Y3V8
2753,J8B1Z5
2754,J7Z0X3
2755,J5L1H2
2756,J5L2P7
2757,J7Y4X6
2758,J7N1P9
2759,J8E3H9
2760,J0R1R2
2761,J7Z3W7
2762,J8H2X4
2763,J7Y3T9
2764,J7Y3T9
2765,J0R1R2
2766,J0R1R4
2767,J0R1R4
2768,J7Y1Y6
2769,J0R1R4
2770,J5L0M9
2771,J0T2V0
2772,J7T0A5
2773,J7Z0G3
2774,J7Z2L5
2775,J0T1L0
2776,J7J1C7
2777,J0R1R6
2778,J7z5s6
2779,J0R1B0
2780,J0T1L0
2781,J5J1L2
2782,J7E2S6
2783,J7Y4Y4
2784,J0R1H0
2785,J7Z6V2
2786,j7z6t6
2787,J7Y0H3
2788,J7Y3M3
2789,J5J0P8
2790,J0N1H0
2791,J5K0J7
2792,J5K2M6
2793,J8B2J4
2794,J8B2J4
2795,J5J0K8
2796,J5L1N7
2797,J0T1L0
2798,J7Z1Y3
2799,J7Y0H4
2800,J%J2S5
2801,J5J2S6
2802,J0T1J1
2803,J5L2S2
2804,j7n0w4
2805,J7Z4Y2
2806,J5L1G2
2807,J7C0J4
2808,J5L1S8
2809,H7G3J9
2810,J7Y4J3
2811,J7N2Y1
2812,J0J2T0
2813,J7Y3P6
2814,J5J2C7
2815,J7J0V2
2816,J744X3
2817,J7Z5L5
2818,J7N0C9
2819,J7Y1K3
2820,J6r2n1
2821,H7W2M1
2822,J7n0w5
2823,J0R1R2
2824,J7Y2Z9
2825,J7Z7H2
2826,J7Z5J1
2827,J5K0H2
2828,J8E0W8
2829,J7J2R8
2830,J6E7Y8
2831,j7y0h3
2832,J7Z1R5
2833,J7Z5L5
2834,J7Z1R5
2835,J7Z5B7
2836,J0R1R7
2837,J0R1R6
2838,J7Z4K4
2839,J5J2P5
2840,J5L0M4
2841,J7Z1V2
2842,J0R1T0
2843,J0R1K0
2844,J0V1Y0
2845,J7Z6W5
2846,J7Y1W6
2847,J0R1R2
2848,J7Z0A2
2849,J7Y4G3
2850,J0K1C0
2851,J5K1E7
2852,J0K2T0
2853,H4V1R3
2854,H1S2A4
2855,J7Y2N3
2856,J7Z1L5
2857,J7C4Z6
2858,J7Y2W6
2859,J5J0H8
2860,J7Y2W1
2861,J7Y2W7
2862,J5L2J7
2863,J5L2B8
2864,J0R1B0
2865,J5L1S1
2866,J5L0H9
2867,J5L2S8
2868,J7Z4G4
2869,J7Z0G5
2870,J7Y3W2
2871,J7Y0C3
2872,J7Y3R9
2873,J7Z7C4
2874,J7Y0P5
2875,J0R1T0
2876,J5K2B7
2877,J0T1Y0
2878,J0K2T0
2879,J0R1B0
2880,J6X0M3
2881,J7z0e1
2882,J5K2L5
2883,J5K2S2
2884,J7E2Z6
2885,J8A2E8
2886,J0Y1Z0
2887,J0H2E0
2888,J8B2H5
2889,J7Y0P8
2890,J7Z7H7
2891,J0N1H0
2892,J7Z5X1
2893,J5L1G3
2894,J8B1M7
2895,J0K2M0
2896,J0R1B0
2897,J0R1B0
2898,J8H3V4
2899,J0R1T0
2900,J7Y3Y5
2901,J5K1R1
2902,J7Z0C2
2903,J7N1V2
2904,J5L1T8
2905,J5L0C5
2906,J5L0C5
2907,J7Y3B1
2908,J7Z2R2
2909,J5J0H7
2910,J0R1H0
2911,J5N1Z7
2912,J7Z7L4
2913,H7V3N7
2914,J0R1K0
2915,J0T2B0
2916,J7Z5X7
2917,J5K2B7
2918,J7Y4Z5
2919,J7Y3N7
2920,J7Z0E1
2921,J7Y3C6
2922,J7Y3J6
2923,J7Y5K6
2924,J5K1L7
2925,J0T1E0
2926,J0K2T0
2927,J7Y5H1
2928,J5L1V4
2929,J5L2L2
2930,J5L2S7
2931,J5J1V8
2932,J0K2E0
2933,J8V1P6
2934,H7C0E8
2935,J8H1M9
2936,J5L1Z7
2937,J0T1Y0
2938,J5K1R1
2939,J5L1Z7
2940,J5L1Z7
2941,J5L1Z7
2942,J0R1T0
2943,J7Y3N1
2944,J7Y1Z7
2945,J7Z2T2
2946,J5L1K7
2947,J7Z5R7
2948,J0T1S0
2949,J7Z4Y2
2950,J7Y2X7
2951,J7J2J8
2952,J7Z1A9
2953,J7Z7M5
2954,J0R1B0
2955,J7Y1B9
2956,J7J1H4
2957,J0T1H0
2958,J7Z1J6
2959,J7Y2Y6
2960,J7Y0P4
2961,J7Z7L8
2962,J7Y1G3
2963,J5J1K9
2964,J5L1W6
2965,J7Z2A4
2966,J7Y0M7
2967,J5L1T4
2968,J7Z0G5
2969,J5J2J7
2970,J7Z7C1
2971,J5J2V1
2972,J7Y4J6
2973,J7Y2V7
2974,J7y1t8
2975,J8G2Y3
2976,J5J0H9
2977,J7M1R5
2978,J8B1L1
2979,J5L2H8
2980,H7X3R6
2981,J7Y4G6
2982,J7N0C2
2983,H7X1K1
2984,J7Y5J8
2985,H7Y1S9
2986,J0S1V0
2987,J0W1C0
2988,J0R1B0
2989,J5K1T9
2990,J5L1V4
2991,J8H4C5
2992,J5K2B9
2993,J5J0H2
2994,J5M3E1
2995,J7Y4H1
2996,J8B1V8
2997,J7J1P4
2998,J5K2A5
2999,J7Z8P5
3000,J5J2T4
3001,J9L2G2
3002,J7Y2W7
3003,J0R1Y0
3004,J7Z0A9
3005,J5K0C7
3006,J0T1L0
3007,J0R1T0
3008,J0K1Z0
3009,J7Z5C3
3010,J7N0Y8
3011,J7Z6Y7
3012,J0R1B0
3013,J0T2N0
3014,J8B2G4
3015,J4T1K8
3016,J7N3H1
3017,J8G0H3
3018,J7z6r4
3019,J7Y1Z7
3020,J7Z5Y2
3021,J7Z5Y2
3022,J7J0G4
3023,J7Z2P3
3024,J7Z1E6
3025,J7J2S9
3026,J6E0J2
3027,J0T2N0
3028,J7Z6T3
3029,J8H0L4
3030,J5L2R9
3031,J7Y1X2
3032,J7Z7G1
3033,J0T2N0
3034,J0T2C0
3035,J0K1Z0
3036,J5J2J8
3037,J7G1Y3
3038,JOR1R1
3039,J8H0K3
3040,J7Y0N5
3041,J7Y0N5
3042,J7Z0C2
3043,J0K1S0
3044,J7J1H1
3045,J5J1C4
3046,J7Z7K5
3047,J8H3W7
3048,J7J2K1
3049,J7Y4N4
3050,J8A1X8
3051,J7N1P8
3052,J5M2P6
3053,J5L0C4
3054,J0R1K0
3055,J5K1G5
3056,J5J0L3
3057,J7N1T4
3058,J5L1L8
3059,J7Y5E5
3060,H7R2A2
3061,J5K2E4
3062,J7N0W4
3063,J7J1M5
3064,J7Y3Y5
3065,J7N1K6
3066,J5L0K4
3067,J8A3E4
3068,J8A0A2
3069,J7Z7C9
3070,J0K2T0
3071,J5L0A4
3072,J5N2M9
3073,J7Y5B4
3074,J5L2L2
3075,J7N1S4
3076,J8b2k1
3077,G0T1P0
3078,J8A3A4
3079,J5M0G3
3080,J8B2R4
3081,J7S2K9
3082,J7Y1Z6
3083,H7N3W7
3084,J7Z4Y9
3085,J7Y3H7
3086,J9B1A5
3087,J7Z1H8
3088,J5L2R6
3089,J5M0G3
3090,J8B1B6
3091,J0K2R0
3092,J0K2R0
3093,J7C5A4
3094,J7Y2W3
3095,J7Z5S8
3096,J7Z0G7
3097,G0R1H0
3098,G6G7V1
3099,J0R1T0
3100,J5J1L4
3101,j7y2c4
3102,J7E5L5
3103,J5L1W9
3104,J5L1W9
3105,H2S2J6
3106,J7Y2Z9
3107,H7S2K1
3108,J0V1L0
3109,J5M1W7
3110,J7Z5N9
3111,J5L1G3
3112,J5J1C3
3113,J7Z6B4
3114,J5J2W5
3115,J8B1Y3
3116,J5L0A4
3117,J8A1C8
3118,J6Y2L8
3119,J7Y3A6
3120,J8A0C8
3121,J5K1G7
3122,J7Y5E7
3123,J7Z2M3
3124,J0K2T0
3125,J0K2T0
3126,J0V1B0
3127,J7Z4V1
3128,J0K3K0
3129,J7Y0A5
3130,J0V1K0
3131,J7N3S5
3132,J0V1K0
3133,J7Z3B1
3134,J8H2S1
3135,J0B1E0
3136,J5J1K4
3137,J7Y2V4
3138,J7N0C2
3139,J0T1V0
3140,J7N3S5
3141,J5L1A3
3142,J7Y3W6
3143,J7N1A5
3144,J5L1V4
3145,J5J2A1
3146,J7Y4M9
3147,J7Z0A4
3148,J7N0L6
3149,J0R1H0
3150,J7Z4H1
3151,J5L1G8
3152,J0T1T0
3153,G0R1H0
3154,G0R1H0
3155,H4K1P9
3156,J7Z5G6
3157,J7N3S1
3158,J7Y1X2
3159,J0R1H0
3160,J7Y1Z8
3161,J5L0M5
3162,J7Z3B2
3163,J5J2J9
3164,J7Z3V4
3165,J7N1N2
3166,J7Y2Y6
3167,J7Z4V2
3168,J0K2T0
3169,G0J1K0
3170,J7Z6S6
3171,J0I1L0
3172,J8G1X4
3173,J7Z1R5
3174,J5J1N9
3175,J7J5K6
3176,J5K2W1
3177,J7Y0M6
3178,J5J2T2
3179,H1V3E9
3180,J7j4v7
3181,J0T2R0
3182,J7Y0S3
3183,J5L2G1
3184,J0T1T0
3185,J5J0N1
3186,J7G2Y4
3187,J5K1G7
3188,J7N1N8
3189,J7C1T6
3190,J7H1B5
3191,J0T1Y0
3192,J7Z5P4
3193,J7Z5R4
3194,J7Z5R4
3195,J5L1G3
3196,J8H3k2
3197,J7C0Y9
3198,J6Z4A2
3199,J7Y5J6
3200,J5L2A3
3201,J5L0N2
3202,J8G1W5
3203,J5K0K6
3204,J7N0W3
3205,J5L0A3
3206,J5j0p4
3207,J0T2G0
3208,J7E2P8
3209,J7Y3K3
3210,J0T1G2
3211,J0K1Z0
3212,J5L0E7
3213,J7Y0B4
3214,J5J1K3
3215,J7Y3C2
3216,J7Z2N3
3217,H7R5M7
3218,J7N1K2
3219,J7Z1M6
3220,J7Y4G6
3221,J5L1T2
3222,J8H0N9
3223,J8G2G6
3224,J7Z3B2
3225,J8H4N4
3226,J7Z2K1
3227,J0T2P0
3228,J7Z4V1
3229,J7Y3R0
3230,J7Y0R3
3231,J7N0e8
3232,J5J0E3
3233,J5L0K4
3234,J7Z2X2
3235,J5J1N6
3236,J8A2A6
3237,J7Y0B9
3238,J7Y3K5
3239,J5L0C4
3240,J7Y2W6
3241,J7Y0K2
3242,J7J2E9
3243,J7Y3W6
3244,J7Y2V4
3245,J8G2L3
3246,J7J1l7
3247,J7Y3Z7
3248,J0T2B0
3249,J0R1T0
3250,J7Y0A2
3251,J7Y3Y5
3252,J8H2W1
3253,J7Y1Y9
3254,J0T2C0
3255,J0T2B0
3256,J7Z1R9
3257,J7Y2V1
3258,J0N1P0
3259,j7J0S3
3260,J7Y2X9
3261,J5L0E7
3262,J9H1M3
3263,J7Z0G6
3264,J7Y4S6
3265,J7Y4S6
3266,J7Y4S6
3267,J7Y4S6
3268,J0V1X0
3269,J0R1T0
3270,J5M2B3
3271,J8E2M8
3272,G0R1R4
3273,JOT1G2
3274,J0R1T0
3275,J5L1T1
3276,J7Z3S7
3277,J5K1E5
3278,J7N3E4
3279,J7Z0H2
3280,J7Y4X6
3281,J7Y0K3
3282,J8A0H9
3283,J8A3S2
3284,H7X2C8
3285,J5J0P6
3286,J5J2L8
3287,J0V1W0
3288,J5N2R4
3289,J7Z3P1
3290,J7Z3T5
3291,J5L0B4
3292,J7N1N6
3293,J5L1W9
3294,J0W1E0
3295,J0R1T0
3296,J7Z3W3
3297,j8b1j3
3298,J7Y0A4
3299,J7Z0K1
3300,J0T2E0
3301,J0T1N0
3302,J0R1T0
3303,J7Z2N6
3304,J7Z5X9
3305,J7Z3W3
3306,J0K2T0
3307,J7Y2V5
3308,J0R1K0
3309,J7Y4K3
3310,J7Y4K4
3311,J5N3C9
3312,J5N0B5
3313,J5M2Z2
3314,J5M2Z2
3315,J7Y0K8
3316,H7T1N2
3317,J7Y4P4
3318,J7N3C2
3319,j7Z4B2
3320,J7Y2Y4
3321,J7Y2E3
3322,J7N3G6
3323,J7Y1X1
3324,J7Y4K3
3325,J7Z0H5
3326,J0A1E0
3327,J0R1R4
3328,J7N3L9
3329,J7Y4Z4
3330,J0R1R2
3331,J7Y2H2
3332,J7J0M4
3333,J8B2K1
3334,J8A2N3
3335,J0R1T0
3336,J5K1C3
3337,J5L0N2
3338,J7Z5X1
3339,J7Z4X1
3340,J8A2X7
3341,J8B1R1
3342,J8Y2H5
3343,J8B1B4
3344,J7J1H7
3345,J7Y0C
3346,J5M2B7
3347,J5M0T7
3348,J7Y5B3
3349,J0R1A0
3350,J5K0K5
3351,J5X3L6
3352,J0K1Z0
3353,J5K0G7
3354,J0R1B0
3355,J0R1B0
3356,J0R1R7
3357,J0R1R1
3358,J0T2B0
3359,J7Y0M4
3360,J5L0C1
3361,J5L2M7
3362,J0T1L0
3363,J7Y0B9
3364,J7Y4X8
3365,J0K1Z0
3366,J7N0L5
3367,J8C2S3
3368,J7Z5K4
3369,J7K0X5
3370,J5K1C7
3371,J7J1M1
3372,J7Z0B3
3373,J5M3A1
3374,J5L0J4
3375,J5L1X6
3376,J0R1T0
3377,J0R1R1
3378,J7Z4V2
3379,J5L1H2
3380,J7N1S4
3381,J7Z4T5
3382,J7Z6A7
3383,J7Z5L5
3384,J5L1Y4
3385,J7Z7H5
3386,J7Y4X6
3387,J7J1A7
3388,J7Y5C1
3389,J5L2C8
3390,J0T1L0
3391,J7N0W2
3392,J5L2L6
3393,J5L2L6
3394,J5B1Z4
3395,J7G1Y4
3396,J5L2K6
3397,J5M2W9
3398,J5M2W9
3399,J7Z1E9
3400,J8B1S5
3401,J7Y4T2
3402,J5L0K4
3403,J7Z4P6
3404,J5L1N7
3405,J8A3B1
3406,J5J0L1
3407,J7Y4K4
3408,J7Z0J6
3409,J7Z2S4
3410,J0R1T0
3411,J5L2J2
3412,J7Z1N2
3413,J7Y3X1
3414,J8B0E6
3415,J0T1G0
3416,J7Y0P7
3417,J5L0H3
3418,J5K0C8
3419,J5K2A1
3420,J8C3l6
3421,J7Y3L5
3422,J7Y3S8
3423,J5K2C7
3424,J5K1H8
3425,J8A1C4
3426,J5M0C3
3427,J8H4P4
3428,J5L1E2
3429,J7Z4G3
3430,J8A3E5
3431,J7Z7B2
3432,J5M2Y2
3433,J8A0L5
3434,J7Z6A9
3435,J5M2N9
3436,J0R1R6
3437,J7Y1Z6
3438,J7N0N9
3439,J7Y0E4
3440,J7Y0H4
3441,J7Y0H4
3442,J8A1R3
3443,J7Y2K8
3444,J9P1A1
3445,J6Z2W9
3446,J7Y2N3
3447,J7Y1V6
3448,J7Y0P7
3449,J7Z4Y9
3450,J5M0G4
3451,J8A1C9
3452,J0T1T0
3453,J5M1E3
3454,J5L2R9
3455,J0K2T0
3456,J7Z0E1
3457,J7Z0E1
3458,J0T2J0
3459,J7Z2B9
3460,J726X7
3461,J7Y2V1
3462,J8G2N4
3463,J5L2C2
3464,J7Z0A3
3465,J8G2E7
3466,J7Y2A7
3467,J7Z5X2
3468,J7N0W2
3469,J7Y1K1
3470,J0T2N0
3471,J0K1Z0
3472,J7Z5R1
3473,J0K2N0
3474,J0K1Z0
3475,J7Y1A3
3476,J7Z0L3
3477,J0R1B0
3478,J5X0C1
3479,J7J0C9
3480,J9Y1E4
3481,J5L2K9
3482,J7Y5A7
3483,J0R1T0
3484,J7Y1M4
3485,J5K2J5
3486,J0N1H0
3487,J0N1HO
3488,J7Y4V9
3489,J0V1K0
3490,J5M0X7
3491,J7Z1A8
3492,J7Y0B9
3493,J5L2E4
3494,J7J0E3
3495,J7Y3T3
3496,J8E3K1
3497,J7Z3P8
3498,J0R1T0
3499,J7N3E4
3500,J7Y0T5
3501,J5L0C4
3502,J5J2L8
3503,G4W1B5
3504,J7Y2R3
3505,J5J2Y5
3506,J7Z1Y1
3507,J8B2W9
3508,J7Z0J9
3509,J8A2R7
3510,J0R1T0
3511,J7N3S3
3512,J0T2N0
3513,J0V1X0
3514,J6Y0L5
3515,J7Z6T4
3516,J7Z6T4
3517,J7Z3E2
3518,J5L0A6
3519,J5L0A6
3520,J7N3K7
3521,J8G2E7
3522,J7P0A9
3523,J7Y0R3
3524,J0T1H0
3525,J5K2W2
3526,J7Z2K1
3527,J7C0Y5
3528,J7N3E6
3529,J7Z1L4
3530,J0T1L0
3531,J0T2J0
3532,J8A2Y6
3533,J7Y4K3
3534,J7Y4K3
3535,J0T1V0
3536,J7V2C1
3537,J0V1B0
3538,J8C1V3
3539,J7N2G9
3540,J8A1M9
3541,J5L2E7
3542,J)T1A0
3543,J0R1R3
3544,J7Y2M4
3545,J0K2R0
3546,J7Z6V7
3547,J8H4N1
3548,J0K1K0
3549,J7Z0E1
3550,J7C0S1
3551,J6J2N8
3552,J0J1N3
3553,J7Z2C9
3554,J0K1Z0
3555,J0T2N0
3556,J0T1L0
3557,J7Z3R7
3558,J7Y3B1
3559,J0T1L0
3560,J7Y0P9
3561,J5N0R5
3562,J7Y0R4
3563,J5K2B4
3564,J5N0N7
3565,J5S1E5
3566,J7Z3N8
3567,J5L1W4
3568,J7Y4H8
3569,J8H0N9
3570,J5K0K5
3571,J8G1M9
3572,J5L1S1
3573,J5L0A4
3574,J5L0A4
3575,J5L0A4
3576,J8G1X3
3577,J7Y4M3
3578,J7Z0J6
3579,J7Z6B3
3580,J5L1J4
3581,J5L2L7
3582,J0R1A0
3583,J7Y0H4
3584,J0T2B0
3585,J7Y2T7
3586,J5J2Y5
3587,J5J2Y5
3588,J7Z4P8
3589,J0K1Z0
3590,J5L2S1
3591,J5L1K9
3592,J8G1M7
3593,J5L2E7
3594,J7Y2B4
3595,J7Y0H7
3596,J8H0K1
3597,J7Y4H8
3598,J8A1S8
3599,J5L2L2
3600,J0V1W0
3601,J7Z0G5
3602,J8B0C1
3603,J7Y4Z6
3604,J5L2M5
3605,J7Z1C7
3606,J8G2X1
3607,J8H1X4
3608,J7Y3Z7
3609,J7Z0A4
3610,J6E8Y1
3611,J7N3V9
3612,J0R1T0
3613,J0R1R1
3614,J7Z2V1
3615,J7Y4K1
3616,J7Y4P6
3617,J5M0X3
3618,J8C2Z7
3619,J7Z2T4
3620,J6E8Y4
3621,J)R1K0
3622,J7Y4H8
3623,J7Z6S4
3624,J5N1P2
3625,J5J2T4
3626,J7J2S2
3627,J7Z4H7
3628,J0K2A0
3629,J7Z5L5
3630,J7Z5L5
3631,J0R1R6
3632,J7Z0J5
3633,J7J1P1
3634,J7Y2C1
3635,J7Z5L9
3636,J7N1K6
3637,J5J2B4
3638,J7Z1L5
3639,J7Y2L9
3640,J8H3W7
3641,J7Z5X9
3642,J5J1R1
3643,J8C2H6
3644,J0R1H0
3645,J9P0B9
3646,J7Y2X2
3647,J7N1J5
3648,J7E5M2
3649,J5J2Y8
3650,J5J2Y8
3651,J7N0T8
3652,J5J2Y5
3653,J7Y0P8
3654,J0V1K0
3655,J5L1S2
3656,J5L1R7
3657,J0R1A0
3658,J7Z7L8
3659,J7Z7L8
3660,J6W3J4
3661,J0K2K)
3662,J7Z6A2
3663,J5M2X3
3664,J8H0S2
3665,J8H0S2
3666,J8H0S2
3667,J8H0S2
3668,J8H0S2
3669,J8H0S2
3670,J5K1W6
3671,J5K1W6
3672,J5K1W6
3673,J0T2C0
3674,J0T2C0
3675,J8E1G7
3676,J7Z1B3
3677,J7Y4X5
3678,J0R1R1
3679,J7Y1W7
3680,J0R1H0
3681,J8B1V6
3682,J7N0N5
3683,J7Z0K8
3684,J7Z0K8
3685,J0R1K0
3686,J5L2S8
3687,J7Y4K2
3688,J0T2R0
3689,J7J1G6
3690,J8G2V9
3691,J7Z5C5
3692,J7Y1G1
3693,J7Z5K2
3694,J7Z6A2
3695,J7Z6A2
3696,J7N0Z8
3697,J7Y5A3
3698,J0R1R0
3699,J7Y1L7
3700,J7N3R3
3701,J7C5K6
3702,H7P5P5
3703,J5K2E5
3704,J7C3T2
3705,J7N0E2
3706,J7J2H2
3707,J5L2S7
3708,J7Y4S2
3709,J7Y5H6
3710,J7J0P8
3711,J0K1Z0
3712,J)R1R1
3713,J5K1W4
3714,J5K1W6
3715,J8A1A7
3716,J0T1H0
3717,J7Z4T5
3718,J5L0A7
3719,J5L1S3
3720,G4W1B5
3721,J5K1W6
3722,J5L1Z6
3723,J5K1W9
3724,J0R1T0
3725,J5J2L7
3726,J5K1A2
3727,J8H1P8
3728,J8H1P8
3729,J0K1S0
3730,J7N0E2
3731,J7Z7N3
3732,J7J2H2
3733,J7J2H2
3734,J7Y3A2
3735,J7Z0E1
3736,J7M2B7
3737,J5L1E2
3738,J7Y4X3
3739,J7N1A2
3740,J7Y2H2
3741,J5K1Z7
3742,J5K1Z7
3743,J5K1Z7
3744,J5L0N2
3745,J5J2S8
3746,J7Z4K2
3747,J7Z0E1
3748,J8H1W8
3749,J8A2V7
3750,J7Z6Z8
3751,J5L2E6
3752,J6W5W1
3753,J7Y4P2
3754,J8H0H3
3755,J7Y2K2
3756,J5L2E4
3757,J5K1W4
3758,J5K1W4
3759,J7Y0M4
3760,J7N1H9
3761,J8E2S6
3762,J7N1H9
3763,J7Y1Z6
3764,J7Z6S8
3765,J8G1R2
3766,J7Z5M5
3767,J7Z1C8
3768,J5K1W4
3769,J5L1N5
3770,J7Z2E5
3771,J0K3K0
3772,J0K1Z0
3773,J7Z0A8
3774,H7M3Z3
3775,J5L1W9
3776,J7Z3L2
3777,J5X2M4
3778,J7Y1Y4
3779,J0K1Z0
3780,J0K1Z0
3781,J7J0P8
3782,J7Z3L2
3783,J7Z3L2
3784,J7Z3L2
3785,J8A1C9
3786,J7J1C8
3787,J5L0L1
3788,J5M2P7
3789,J7Y2X7
3790,J8B1P4
3791,J0Y1Z0
3792,J0K1Z0
3793,J8A0B7
3794,J8A0B7
3795,J7R6K6
3796,J724Y1
3797,H1K4J5
3798,J0R1R3
3799,J5L1W4
3800,H7P0L7
3801,J7Y4M9
3802,J8B2G8
3803,J7Z4T3
3804,J8G1T6
3805,J7Z3J2
3806,J7Y3L5
3807,J0T2C0
3808,J7Y0B1
3809,J0V1X0
3810,J7Y0C7
3811,J7N0Y1
3812,J7Y0A7
3813,J7Z4V2
3814,J7Y5J1
3815,J5J1W8
3816,J5J2N6
3817,J0R1T0
3818,J5K1E2
3819,J7Z6H3
3820,J0K2T0
3821,J8B2H8
3822,J7Y0C1
3823,J5K2A1
3824,J5L1A5
3825,J7Y2C1
3826,H7X3J9
3827,J5J0P7
3828,J7C2K6
3829,J8E3A1
3830,J7Y0P4
3831,J7Y7Y9
3832,J8G2V1
3833,H7H3E7
3834,J9L0G3
3835,J7Z4W3
3836,J7Y0H4
3837,J0R1T0
3838,J7Z0A8
3839,J5K1Z6
3840,J0T2G0
3841,J7N0B9
3842,J5M0G3
3843,J0K1Z0
3844,J7Z6B7
3845,J7Y2W6
3846,J0T2B0
3847,J7Z7C9
3848,J0R1A0
3849,J7Z0K8
3850,J7J1S3
3851,J0T1L0
3852,J7C2X8
3853,J8A2B2
3854,J8H0T8
3855,J5K1C2
3856,J8C0S1
3857,J5L0H5
3858,J8H0S9
3859,J8H0S9
3860,J0R1T0
3861,J7N2M1
3862,J5J2S8
3863,J0T2N0
3864,J0V1X0
3865,J7Y3L3
3866,J7Y3A7
3867,J0T1T0
3868,J5J2M7
3869,H2E2M4
3870,J7E5C2
3871,J5L2R9
3872,J7N3W1
3873,J7Z6A9
3874,J8H1Y2
3875,J8H0T7
3876,J7Y2A1
3877,J8H4N4
3878,G1L1R3
3879,H7A1H2
3880,J5K1G3
3881,J8G2Y3
3882,J7N1R7
3883,J6W5V6
3884,J7N3H5
3885,J5L0N1
3886,J5L0N1
3887,J5L2L2
3888,J0K2T0
3889,J5M1T1
3890,J5M1T1
3891,J5M1T1
3892,J5J2T3
3893,J8G3V3
3894,J7N0E2
3895,J7Z3G4
3896,J0V1K0
3897,J7Y3C2
3898,J5J2S7
3899,J8B2A3
3900,J5K2A1
3901,H1Y0A2
3902,J7Z6P2
3903,J0K1Z0
3904,H2J1R1
3905,J0T2V0
3906,J0K1Z0
3907,J8G3C4
3908,K6A2A3
3909,J0R1B0
3910,J7Z5L4
3911,J7Z1B1
3912,J0W1H0
3913,J7Z3S8
3914,J7Y5J2
3915,J7Y4N6
3916,J7Z3S8
3917,J7Y0C7
3918,J8A1R3
3919,J8C2Y3
3920,J7R6H6
3921,J0K1Z0
3922,J0T2B0
3923,J7Y3J5
3924,J0V1W0
3925,J7R6P7
3926,J7Z5R1
3927,J7Z1L2
3928,J7Z1L2
3929,J7Z1L2
3930,J7Y0R4
3931,J7Z4Y9
3932,J5J0H2
3933,J5N1V1
3934,J8A1N7
3935,J8H4H7
3936,J8B0K2
3937,J5M3A4
3938,J7Z0H3
3939,J5K2C8
3940,J5L0A4
3941,J7Z1H1
3942,J7Y4V1
3943,J7Y4V1
3944,J7Y2N2
3945,J5M0J1
3946,J5J0P8
3947,J5L1S1
3948,J7Y5C1
3949,J0K1S0
3950,J6E1C2
3951,J7Z6L2
3952,J7Z4W3
3953,J5J2R9
3954,J0R1H0
3955,J5J2S4
3956,J7J2J8
3957,J0K1S0
3958,J5M2Z2
3959,J0R1B0
3960,J7Z6A9
3961,J0T2V0
3962,J7Z2A2
3963,J7Y4G6
3964,J6E1R3
3965,J7Y4V1
3966,J7N1R6
3967,J7Z1C5
3968,J8A0C8
3969,J5L2C5
3970,J0T2G0
3971,J7J0C8
3972,J7Y0K7
3973,J5J2B3
3974,J0R1R2
3975,J0R1R2
3976,J8H1W8
3977,J7Z1N6
3978,J5J0E3
3979,J8A3R1
3980,J7Y3T1
3981,J7Z7H2
3982,J0T2G0
3983,J7Z5C9
3984,J7Y4G6
3985,J0T1V0
3986,J8G2X2
3987,J7Z5X1
3988,J6Z3Y2
3989,J5L2L2
3990,J7Y0K8
3991,J7Y1A8
3992,J7Z3V8
3993,J7Y4W7
3994,J0R1H0
3995,J7Y1M8
3996,J5L0A5
3997,J5L1W1
3998,J6Y0C1
3999,J0T2C0
4000,J8B1W2
4001,J7J0S6
4002,J5M2Z8
4003,J7Y0J1
4004,J5L2P2
4005,J7Z4R4
4006,J7Z0L3
4007,J5M2P9
4008,J7N3N4
4009,J7Z0G7
4010,J7N0N3
4011,G0L3W0
4012,J5K1A5
4013,J7Y0R1
4014,J7Y1Y6
4015,J0K1Z0
4016,J0K1Z0
4017,J7Y3Y5
4018,J7J1K2
4019,J8A3S1
4020,J7J1J6
4021,J7Y2W4
4022,J0K1Z0
4023,J8G3C4
4024,J5K1W6
4025,J5L2S2
4026,J7Y2V1
4027,J0R1R6
4028,J5L0A4
4029,J7Y1P6
4030,J7Y1Y5
4031,J7Y2Y9
4032,J5L0C5
4033,J5L0C5
4034,J7Y5H3
4035,J7Y0B4
4036,J8A3R3
4037,J7Y0M4
4038,J0R1H0
4039,J0T2C0
4040,J5K1C7
4041,J7Y0M3
4042,G0T1P0
4043,J5K2B9
4044,J7Y2Y9
4045,J7Y2Y9
4046,J7Y0H4
4047,J0W1K)
4048,J5K1E7
4049,J0R1B0
4050,J7Y1X2
4051,J7Z1G5
4052,J7J0H2
4053,J3N1H5
4054,J0R1R6
4055,J7Y0H4
4056,J7Z6W2
4057,J0R1K0
4058,J7Z4M9
4059,J7Y3T5
4060,J8G2Y3
4061,J7Z1A8
4062,J7Z1A8
4063,J7Y0G6
4064,J5L2G1
4065,J7Z6T7
4066,J0K2R0
4067,J7Y3Z7
4068,J7N1R2
4069,J5K0H7
4070,J7Y1Y2
4071,J7Y1Y2
4072,J7Y1B4
4073,J0R1T0
4074,J5L0B4
4075,J0T1J0
4076,J7Y2K6
4077,J7Y0G7
4078,J7Z0J5
4079,J7Y0N6
4080,J7Z3T1
4081,J8B1K7
4082,J7Y3Z7
4083,J7Z4H1
4084,J7Z5X9
4085,J8A2W3
4086,J7Y0C5
4087,J7Y3Y5
4088,J5M2T5
4089,J5M2L3
4090,J7Y0N6
4091,J0N1H0
4092,J7Z0J5
4093,J8H1G4
4094,J7Y4X3
4095,J7Z0A4
4096,J7Z5J4
4097,J7Z4J9
4098,J7J1H8
4099,J7Y3Z8
4100,J0T2N0
4101,J7Z2N5
4102,J7Y4W2
4103,G7Z6S4
4104,J7Y5B1
4105,H7W3N4
4106,J0T1V0
4107,J7Z4Y2
4108,J7Z0A3
4109,J7J1W7
4110,J7Z6A9
4111,G0K1B0
4112,J0R1R0
4113,J7Z0J9
4114,J7Y5H5
4115,J8A1T4
4116,J0R1R5
4117,J0T2N0
4118,J5J2T4
4119,J0T1T0
4120,J0R1A0
4121,J72244
4122,J7Z2N9
4123,J5K0N7
4124,H1H4M7
4125,J7Z7N5
4126,J743Y3
4127,J7Y1N2
4128,J0R1T0
4129,J5J1L7
4130,J8C2Z7
4131,J8A0G1
4132,J5K1W6
4133,J0R1P0
4134,J5J0K4
4135,J7J0Y7
4136,J7Y2A3
4137,J7Y2X7
4138,J7Y0P5
4139,J7Z1E8
4140,J6E8W9
4141,J7Y3E1
4142,J0R1R3
4143,J7Z0A2
4144,J7Z2T5
4145,J5K1A5
4146,J7J2L8
4147,J8G0H5
4148,J5L1R7
4149,J7Y2B8
4150,J7C2X8
4151,J7Y0G2
4152,J7Y4WL
4153,J7Z2N5
4154,J5L0M1
4155,J5L0M1
4156,J5L0M1
4157,J5L0M1
4158,J0R1R6
4159,J7M1L5
4160,J7Y2K6
4161,J7Y0M4
4162,J7Y0A2
4163,J0K1Z0
4164,J7Y2X3
4165,J7Z0A2
4166,J0R1T0
4167,J8A1H8
4168,J7Z5Y2
4169,J0A1R2
4170,J0T1Y0
4171,J0T1Y0
4172,J5M0C3
4173,J8H1Z9
4174,J7Y2P5
4175,G8Z0A7
4176,J7Y0B8
4177,J0K1C0
4178,J5L2K9
4179,J7Z5H3
4180,J7N1R6
4181,J7Y0C5
4182,J7Y3L2
4183,J8H3Z9
4184,J7Y3M7
4185,J7Y4T5
4186,J5L0N2
4187,J5L2G2
4188,J5L2G2
4189,J7J1J4
4190,J5J1W7
4191,J0R1R3
4192,J7Y5E3
4193,J8A3P3
4194,J5L1P1
4195,J5L1R7
4196,J7Y2L7
4197,J8A2S7
4198,J7Z0A3
4199,J7Z5Z9
4200,H7W1K4
4201,J7Y0B9
4202,J5J1K9
4203,J0R1R4
4204,J7Y0M3
4205,J8H2T3
4206,J7C5Y1
4207,J0T1R0
4208,J5L2R9
4209,J7Y0C7
4210,J8H1Z9
4211,J7Y0M4
4212,J7Y0M4
4213,J7Y3X1
4214,J5L1X6
4215,J0T1H0
4216,J7Z2T5
4217,J7Z2T5
4218,J5K2N9
4219,J7Y4X3
4220,J7Y1K3
4221,J7Y1A3
4222,J7Z7N1
4223,J0T1Y0
4224,J5K1C7
4225,J0R1T0
4226,J7Z1A6
4227,J5M2L3
4228,J0V1X0
4229,J7N3T3
4230,J7Z4J5
4231,J7Z2B9
4232,J7J0Y7
4233,J0R1T0
4234,J7Z2N5
4235,J7Y5K9
4236,J0K1Z0
4237,J8B2Y5
4238,J0K1Z0
4239,J7Z1B7
4240,J0W1P0
4241,J5L1P1
4242,J5K2T4
4243,J7Z2P1
4244,J6A7J2
4245,J5L1R7
4246,J7N3K7
4247,J7Y3Z6
4248,J7Y0E7
4249,J5N0W2
4250,J7Y4L8
4251,J0R1R5
4252,J9L0E6
4253,J7Z6V6
4254,J7Y2Y4
4255,J5J1W5
4256,J7Z6X8
4257,J5L0N2
4258,J8G2Y7
4259,J7Y3L3
4260,J7Y1E8
4261,J7Z0C2
4262,J7Y3K6
4263,J7Y0M4
4264,J7Y1W6
4265,J7Y0N8
4266,J0T2R0
4267,J7Z0G7
4268,J5M2B6
4269,J8A1N8
4270,J7Z1L5
4271,J0R1R1
4272,J5L0M9
4273,J5L1T4
4274,J8H2W1
4275,J8A2E3
4276,J5J0H7
4277,J7Y5B1
4278,J7Y1B4
4279,J8B2T4
4280,J0T2J0
4281,J7Y3T3
4282,J5M0J7
4283,J7Y1P6
4284,J7Y2E3
4285,J7Z5Y3
4286,J7Y4G6
4287,J7Z6S4
4288,J7Z4Y9
4289,J5J1T4
4290,J0T2C0
4291,J7Y3V8
4292,J7Z0B3
4293,J0R1T0
4294,J5L0N1
4295,J7J2T4
4296,J7J2T4
4297,J5K2V3
4298,J7Z4J6
4299,J7Z7N1
4300,J7Z7N1
4301,J7Z5X1
4302,J7Z5L5
4303,J7Z1L5
4304,J8H4N4
4305,J7Y3K1
4306,J5L1K8
4307,J0K1Z0
4308,J7Y2V4
4309,J7Y3C5
4310,J7Y3J6
4311,J7Z7N5
4312,J7Z5H3
4313,J0V1X0
4314,J5L2P7
4315,J0T1T0
4316,J0T1R0
4317,J7Y3R9
4318,J7Z1V3
4319,J5L2P7
4320,J8G1P7
4321,J7Z5B3
4322,J7Z6A7
4323,J7Y3K8
4324,J7Z5X9
4325,J5L0E6
4326,J7Z1S4
4327,J0T2A0
4328,J9P0B9
4329,J7J1N6
4330,J5J1H8
4331,J5J2A2
4332,J8A3L1
4333,J7Z1G6
4334,J5L2J2
4335,J7Y3K1
4336,J0R1H0
4337,J7J1M9
4338,J7Y4V2
4339,J7Z7C6
4340,J0K2T0
4341,J5J2E4
4342,J7Y3C5
4343,J8A3A8
4344,J0R1K0
4345,J8A2N6
4346,J0K1S0
4347,J8A3C5
4348,J7Z0G7
4349,J7Y3T9
4350,J7Z2A4
4351,J7Z1P6
4352,J7Z5B7
4353,J5L0E7
4354,J5L0E7
4355,J7J2R8
4356,J7Y1Y2
4357,J7Y4N1
4358,J5L1X6
4359,J7Z2S2
4360,J7Z6S9
4361,J7N1M3
4362,J7Y4L8
4363,J7Z6B4
4364,J5N2X9
4365,J7Y5A6
4366,J7Z2H8
4367,J7Z5P4
4368,J7Z5P4
4369,J8G2K1
4370,J7Y1B4
4371,J0K1Z0
4372,J5L0N4
4373,J7Y0M3
4374,J7Z3P9
4375,J0R1B0
4376,J5L2P3
4377,J5L2P3
4378,J8A2N6
4379,J8H1B8
4380,J5L2A7
4381,J7Z2S4
4382,J0R1B0
4383,J5L2R9
4384,G1G1E4
4385,J7N1R7
4386,J7Y2W2
4387,J5J0J4
4388,J8A1A7
4389,J8C3L3
4390,J7M1V4
4391,J5L2P3
4392,J0R1R3
4393,J7Y2Z9
4394,J6X4C5
4395,J7Y1N2
4396,J7Y2X8
4397,J0J2C0
4398,J7Y1K3
4399,J5L2C3
4400,J0K2T0
4401,J5K1W1
4402,J5L1R7
4403,J7J2G7
4404,J5J2B1
4405,J0R1A0
4406,J7Y3X3
4407,J8A3A9
4408,J7Y3W6
4409,J5K0C6
4410,J7Y3T8
4411,J5J0K3
4412,J0T1H0
4413,J0R1B0
4414,J0R1T0
4415,J5L1W8
4416,J5L0N7
4417,J7Y0P4
4418,J7Z2T9
4419,J7J1B3
4420,J7Z2H2
4421,J7Y1Y2
4422,J8B1K8
4423,J7Z6X8
4424,J7N1N7
4425,J0K2L0
4426,J7Z0X3
4427,J7Y3N7
4428,J5M0H2
4429,J8A2C3
4430,J7Z4Y2
4431,J7N1S5
4432,J5N2Z7
4433,J7K3C2
4434,J7Z5L5
4435,J5N1P1
4436,J7Z5Y2
4437,J5M0J5
4438,J7Y0M4
4439,J5L1W6
4440,J5L0G5
4441,J5K2K4
4442,J7N1K1
4443,H1E3N3
4444,J7Z0A3
4445,J7E2C3
4446,J7Z4Y2
4447,J0R1T0
4448,J7Y5G2
4449,J7Z0E1
4450,J7Y0P4
4451,J8E2H1
4452,J7Z6G7
4453,J5J0J7
4454,J8A1H8
4455,J7Y0P2
4456,J7Z2S1
4457,J7Z6A9
4458,J0R1T0
