User;PostalCode
4061;J7Y1C2
4773;J7X6E9
6279;J5L2C8
9967;J8G2Y3
10537;J7Y2V9
10843;J7Y2Y9
13201;J5L2R9
13437;J7Z6N9
15912;H7V1B1
17593;J0K1Z0
20435;J7J0S4
20778;J7Y2Y9
22948;J7Z7M3
23092;J5K1W4
24446;J5J2T5
26661;J5K1Z7
26765;J7Y0J1
26906;J7Z2H7
28027;J7N1K2
28485;J5L1H7
30184;J8G2Y3
30550;J0K3K0
30905;J7J2S4
33329;J5Y1Y5
33714;J5L0K4
33762;
33859;J7Z0M7
50607;J5K2N4
50676;H7V0A7
50856;J7Z7N5
50901;J5N1T7
52582;J7Z5E8
52709;J0R1A0
53959;
54575;J7M0G3
55527;J7E5R2
58020;J4K4V8
58532;J7Y0H5
59865;J0V1K0
63450;J7Z2A4
64187;J7L0H9
68712;J%L0K4
71108;J0R1R1
72030;J0K2T0
72454;J7Z0C2
72576;J8C0B1
72707;J7Y0M3
73490;J7Y3V8
77004;J5L1K9
77213;J7Y0A2
77731;J7L4G1
78319;J7Y2N5
80738;J7Y5A7
81019;J0R1R2
81727;J7Y0A5
82268;J0A1B0
82342;J6H1J8
82391;J7N3E1
82709;J0R1C0
83680;J7Z2Z6
84279;J7Y4J4
84850;J7Y1Y2
85279;J8A2A4
85380;J5J1E2
85954;J7Y1N2
86101;J8H3G6
86248;J7Z0E4
86288;J5L1H7
86468;J0R1R2
86540;J0R1T0
87408;
87878;J5N0N7
90507;J5K0N3
91448;J8H3W8
93322;J0K2R0
93522;J7Y1C7
93612;J5M3A2
97804;J5K1M7
97840;J7J1W6
98431;J7Y2B7
103235;J7N1A2
103443;G6Z2Z3
103475;J7Y4T1
104101;J5K1K7
104406;J7J2E6
104722;J7N1C2
104932;J0K1Z0
105267;J7Z3N3
105566;J5K0B1
106119;J7M1R7
106367;J7Z1N2
107152;H7S1Z4
107328;J7N0W2
108229;J5K1W4
108551;J7J2G5
109223;J6E8L9
109562;J0R1R4
109822;J7Y3Z4
109872;J7Y0M4
109962;J7N0K4
110182;J0K1Z0
110461;J8B2L5
110795;J5M0H5
111047;J0R1T0
111073;J5J0P6
111092;J7Y2Y9
111106;J7Z1S4
111521;J7N0N8
111692;J7Y2Y9
112104;J7R4Z6
112158;J7Z5C7
112738;J7Z4V9
113057;J7J1C7
115124;J0R1T0
115767;J7N3P1
115978;J7B1G7
116142;J0W1S1
116772;J5K1C7
118445;J7Z0K3
120562;J7Y2Y9
120931;J7Y3L5
121101;H2B2A1
122310;H7P0K3
122654;J7Y0M1
123537;J8H1E6
123925;J7Y3K8
123935;J7Z6Z3
125838;J5J2H1
126409;J7C0P3
126681;J8H3V9
126914;J7Y2S1
127260;J5LOG8
127261;J5L0C7
127283;J8G1R5
128823;J5J2T6
128874;J7Z1N2
128921;J7Y4T5
129165;J7Y0H6
134101;J7Z3G5
134477;J7Y1E9
134838;J0K2B0
134855;J7Y0C7
134887;
134973;J5K1C3
135409;J7Z5Y5
135574;J7Z0K8
136371;J5N2S8
136794;J7Y0C4
137078;J7N0B1
137383;J5L2R9
137981;J7J1B4
138528;J7Y2W2
138541;J0V1X0
139307;J7Z5E5
139387;J0R1H0
142003;H7E2W5
142413;J5M0Y7
142599;J7Y0C3
142739;J5L0Z1
142898;J7Z5P1
143001;J7Y0C3
143095;J0R1R4
143778;J0R1R3
144151;J5K0R4
144611;J5L1R7
144715;J5L1S1
145039;J7Y4N2
146253;J7C3S5
147392;J7Y0G2
147857;J7N1A5
147919;J0K1Z0
147927;J7Y2Y9
148208;J7Z2L9
148284;J7M3E8
148290;J7Y5B8
148593;J7Y0P7
149080;J7Y0M5
149427;J7Z0J8
150432;J7Y3W6
150474;J0R1H0
151041;J8A1H8
151724;J7Y3Z7
152029;J7Z0K1
153217;J7Y2A1
153475;J0K2T0
154346;J7Y4X9
155123;J5M0L2
155549;J0K3K0
155995;J5N0B6
156215;J5N0B6
156998;J5L0B6
159619;J7Z4V6
167614;H2L4G4
168365;J7Z2M1
168816;J7Z3Y7
168964;
168985;J5L0A3
169203;J7Y0K7
170239;J0M2A2
170249;J7Y0C9
171846;J5J1B6
173094;J7Y0N3
173095;J7N0N5
173101;J7J2P7
173302;J7Y4S6
175684;J5L0A7
175815;5J52A6
176603;J5L0G5
177161;J7Y4K3
178072;J7Y1H1
178080;J7Y3Z4
178669;J5K1V8
180200;J7Y4K6
181643;J6E0K9
181937;J7Y0K6
182722;H1H4J3
182727;J7Z1G5
183091;J8E2M5
183151;J5J1V5
187108;J7Z0G7
188721;J7Z1P4
189223;J8A2E4
189313;J8A1W7
189750;J7E5R2
189776;J7Z0J8
190622;J5L1Z1
190657;J7Y5A9
190781;J7Y0K2
192104;H2W2J1
192258;J5L1X1
192788;J5J2V3
192871;J7Z6Z3
193346;J8A1S2
193354;J0R1A0
193723;J0R1H0
193909;H1H0C3
194429;J7Y5A5
194892;J5K1V8
195184;J7Z5Y6
195362;J7Y1K3
195439;J7Y4M9
195571;J5J2T4
195597;J7Z0A3
195730;J7Z7E5
195767;J8A3H5
195817;J5L0K4
196323;J8C2M6
196348;J5J1T5
197732;J7N0Y1
197977;J0R1T0
198234;J7Y2B7
198287;J8H0T8
198318;J7Y4V5
198967;J5J0H8
199318;J7L3W3
199805;J5J0H3
200547;J7Z7M3
200772;J5L1E4
201772;J8H0V6
202625;J8B1Y3
203024;J5M2B3
203353;J7Z5H3
204983;
205858;
206404;J7Y4P4
206591;J5K1V1
207705;J7Y1A1
207786;H3E1E5
207915;J7N0W2
207985;J0V2B0
208438;J7N1N8
208725;J7N1K1
208731;J5K2M8
208746;J5N0B6
209265;J7Z0A1
210264;J8A2V5
210749;J8A3C9
211396;J5J2H1
211730;J8H0K1
212305;J8H3V7
212347;J5N3J7
212516;G7G1R3
212863;J7Z3N5
213983;J7Y4K7
214333;J8A1C5
214904;J7Y5A9
215471;J5L1S9
215539;J7Y0A2
216545;J7J0E1
216937;J7Z6V6
217470;J7N1J7
218098;J7N3W6
218195;J7Z6X9
218291;J5J0L9
219221;J5L2L7
219418;J7H1C2
219584;H8P2B4
219717;J5K1Y6
220196;J727M8
221197;J5M2V3
221772;J7Z7J1
221791;J7Z1B2
222801;J5L0K4
222832;J7Z3B1
223234;J7Y1Z6
223260;J5L1Y4
223535;J7Y4W7
224253;J7Y4Z2
225133;J5L2L7
225256;J5L0K4
225730;J5N2S8
226971;J5J2E6
227389;J7Z5Y3
227829;J7Z2H5
227906;J7N0W5
228626;J7J0M0
228667;J7Y0G7
228840;J5J2V3
228869;J7Z5S8
229539;J0R1T0
229701;J5L1J6
229972;J7J2B2
230489;J7Y2B3
230538;J5M0J6
232170;J5K0N3
232541;J5L2L8
233096;H4R0G7
233132;J5L0C6
234661;J7Z2K4
234939;J7Z1E9
235854;J7Y5A7
236020;J7Z6W8
236373;J7N3G4
236638;J7Z1C7
237142;
237904;J7Y3C3
239006;J5K1B7
239153;J7Z3N5
240515;J7Y2J6
241140;J7Z3K1
241744;J7Y5H5
241759;J7Z0C2
242791;J5K0C5
242859;J5L0M9
243114;J0N1H0
244124;J5K1W4
244356;J5M0C6
244692;J5Y0C7
245158;J5K1C5
247797;J0V7X0
248439;H7V1B2
248813;J7Z3V1
248981;J7Y0A5
249189;J5K1P4
249228;J5L0G5
249280;J8G1N5
250697;J0N1H0
250728;J5K1C3
250931;J7Z2P4
251511;J7Z6C9
251528;J7J0G7
252033;J5J2B1
253800;H7V2P2
254035;J5L0G2
254563;J7Y0P4
254865;J7Z0A3
257301;J7Y2X7
257820;J5M1Z9
258092;J5J2T4
258169;J5L2H3
258708;J8B2S7
258858;J0R1R1
258952;J5L2K8
259265;J7Y0T6
259328;J7Y4T1
259342;J7V4V1
259994;J5L1C9
260659;J7Y5B8
260954;J7Z7B8
261281;J0W1A0
261844;J7Y0B9
262043;J0R1T0
262088;J7C3J4
262437;J7Y3A6
262619;J7Z0A8
262899;J8H0K1
263146;H7M3X5
263397;J7J2T4
263514;J7Z7M3
263733;J5M2K9
264860;J7Z2N6
265054;J8A1J8
265407;J7Z0G7
265542;J5K1P4
265908;G0K1A0
266005;J7Z0G7
266773;H1P3G4
267225;J7Y2X7
267425;J7J1E4
267454;J5J2T6
267773;J5J0B8
267897;J5K1W1
267997;J7Z5H3
268269;J0R1R3
268414;J7J0V2
269272;J6X0K4
269422;J7P2B4
269803;J7Y5H3
270074;J7Y4S9
270133;J7Y5L1
270281;J5L0E5
270382;J7Z4R7
270577;J0N1H0
270837;J7Z5H3
271026;
271386;J7Z7N5
271572;J7Z7C1
271754;J5K0G3
271880;J7Y0M3
272504;J7Z3H6
272646;J5L2S8
272723;J5J1B6
272799;J5L2L2
272875;J7Z0K5
272876;J7Z0K5
273128;J7Y0H4
273271;J5M0G4
273789;J7N0K5
273806;J5K2M8
274472;J6E0X2
274498;J7Y1H2
274583;J8C2Z7
275190;J0K1S0
275388;J5L2S3
276003;J5K2N8
276696;J7Z0A8
277092;J0R1T0
278137;J5K2V8
278153;J7Y4R5
278410;J7Y0N1
278526;H2K3R2
278598;J7N2Z9
278983;J7Z3N5
279579;J5J2L8
279633;J7Z7E5
279810;J7Y4T3
280001;J7Z4N3
280098;J0V1X0
280586;J7J0E3
280685;J7M0H4
280785;J5K1V8
280841;J7Z2K3
280966;J5L2C8
281604;J7Y1R5
281928;J7G2J6
283560;J5L1K6
284014;J7Z3R6
284111;J7N1R6
284121;J7Y0A2
284283;J5L2K2
285029;J5L0J3
285310;J5K2G8
285596;J7Z4Y2
285647;J5L2H5
285703;H1K2C2
286094;
286184;J0V1X0
286365;J7Z7B3
286692;J0K1S0
286923;J0V2B0
287197;J7Y3M3
287314;J0R1K0
288145;J7N3V9
288246;J7Y0B1
288260;H7S1L3
288650;J8A1M3
288807;J5J1Y9
289134;J7Z0K3
290019;J5L2H5
290144;J7Z3Z3
290316;J5J1K4
291169;J5K0H7
291658;J7Z6T4
291697;J7Z6C9
291990;J7N3C4
292132;J7E3T9
292146;J0R1T0
292182;J7Y0R1
292214;J5J2K5
292490;J8H2M4
292556;J7Z2S3
292604;J5J1X3
292772;J5K2C9
294272;J5J1K1
294763;J7Y5L2
294833;J7Z0E4
294958;J5M2X2
295013;J7Y3V8
295279;J5J2B8
295478;J5J1Y9
295534;J0T1S0
296015;J5L2B9
296292;J5K1A6
296740;J7Y0C3
296944;J5J0B8
297064;J7Z0G3
297775;J5K1M5
297882;J5L1J2
297884;J5M0C3
297886;J5M0C3
298295;J7Y4W1
298679;J5J2T8
298815;J5Y3S3
298816;J7C1Z8
299535;J5J0H7
299596;J7Y2L7
300752;J7Y2C2
300768;J7Y0K3
301068;J7Y4L7
301464;J5L1S2
301824;J7Y3Z7
302337;J7Z2A4
302879;J7Y5L1
303324;J5J2S8
303670;J7J2E6
304035;J7Z2L9
304191;J7Y1Y9
304382;J7Y1Z9
304413;J6K3K0
304751;J7Z3N5
304834;J7Z0B1
305343;J5K2E3
305695;J5J1A9
305756;J7Z4P6
305785;J5L0G5
306068;J7Y1B9
306428;J7Y1N2
306655;J5J2L8
306705;J7Y0M3
307026;J5K1Z7
307149;J5L1E1
307381;J6V1B4
307397;J7Y4N6
307718;J7Z2H4
308254;J7Z4Y2
308385;J0K1Z0
308429;J7Y3N3
308629;J5A0H6
308842;J7G1P7
309004;J7Y0K8
309537;J5N4M5
309740;J6Y1C1
311055;J7Y0C3
311186;J7Z2P4
311190;J7Z1E4
311219;J5K2W2
311403;J5J2G2
311875;J7Y3C4
311999;J7Z2H4
312136;J5J2M8
312352;J7Y0H9
312355;J5K1R1
312406;J7Z3B2
312427;J7C0M8
312590;J7Z5Y8
312695;J5L1J3
312850;J7Y0P4
313305;J5L0K2
313349;J7B1Y5
313893;J7J1G1
314277;J0K1Z0
314293;J7J1S1
314413;J0W1C0
314555;J7Z0K3
314560;J7Y0A2
314693;J5Y3X4
314817;J7Z6R3
314914;J5M2X2
315163;J7Y0N5
316061;J7J1C5
316134;J7Z3Z2
316304;J5L2L2
316913;J0V2B0
317267;J5K2E3
317379;J5L2N8
317643;J7C4M7
317705;J0K2T0
317720;J5L1S1
317756;J5K1Z7
318002;J5L1Y4
318005;J0K1Z0
318319;J7Y1B1
318357;J7Y5K6
318358;J7Y5K6
318360;J7Y5K6
318748;J7Y0B4
318751;J5L1H4
319107;J7Z1K7
319184;J7Z0K8
319309;J8B3L3
319660;J0R1B0
319875;J5L2B1
320040;J7Y0C9
320492;J7Z3C5
320779;J8H1W8
320809;J7Y0M4
321053;J7Y0P7
321270;J7N0C1
321339;J5K1Z7
321421;J7R4Y1
321487;J9L1Z2
322167;J0W1R0
322461;J5L0G4
322495;J7Y4H1
322824;J7Z7E3
322974;J0R1B0
323483;J7Y1W6
324372;J7Y4N6
324454;J7J2N9
324547;J8E2S8
324585;J7Z7N5
325164;J4J3K7
325229;J5J0M2
325316;J7Z2N5
325819;J7Z3Z8
326233;J7Z0L2
326322;J7Y2Y9
326418;J5L1E4
326728;J7Y2N1
326849;J5K1Z7
327112;J5L2A3
327175;J0V1J0
328276;J7E5J6
328454;J5J0K8
328806;J7Z1E4
329415;J5J1N9
330090;J7Z2K2
330248;J7Z3N4
330394;J5L0C6
331123;J0R1T0
331400;J7J1E7
331948;J7Z6V3
332391;J0T1L0
332504;J7Y3V7
333257;J0X3C0
345192;J7Y0G7
348880;J7C1V1
349509;J5J2X3
349548;J5J2R8
349592;J7C2R2
349627;J5L2C5
349934;J7Y0A2
350046;J7Z5X1
350157;J0R1K0
351167;J8A1C9
351326;J5K1S1
351602;J5K2H7
351624;J8A0A2
351977;J8H0S2
352183;G5L0C6
352868;J7Z3W1
353171;J7Y0R1
353239;J7Y0R1
353515;J5L1C9
353874;H7G2T6
354000;J7Z5H3
354473;J7Z6S5
354556;J7N1N3
354561;J5J1R3
354658;J5J1T5
354679;J8B2R1
354868;J7Y2X7
354962;J7Y5C1
355561;J7Z5S8
355815;J5L2H9
355840;J0R1T1
356169;J7Z1L6
356922;H7P5W7
357045;J7Z3S9
358062;J7J1J2
358072;J7Z6V6
358257;J5K1W5
358493;J7Z6P2
358692;J5L2K8
358822;J7Z4E6
359185;J7Y0C9
359186;J7Y0C9
359223;J5L1L5
359294;J7Y5C
359405;J744G6
359541;J5J2T6
359572;J7N1X7
359789;J7Y0K7
359790;J7Z0G3
359811;J5L1H7
359959;J0K1Z0
370012;J7Y3P6
370045;J5L1A5
370075;J5L0J9
370082;J0T1L0
370100;J5L0C5
370110;J7Y4Y1
370124;J0R1T0
370135;J7N3C4
370136;J8H1Y8
370139;J5J2J9
370164;J7Y1Z8
370171;J5K2J3
370185;J7Z3R6
370187;J7Y2M2
370205;J7Z7J5
370228;J7Y1G8
370233;J5L1J8
370234;J8B2K5
370288;J5L1P3
370293;J0R1H0
370296;J7Z3J1
370329;J5J1C6
370334;J5K2C7
370335;J0R1T0
370336;H7P1A6
370337;J7Y0N8
370352;J7Z1M4
370377;J7Y1K2
370395;J7Y6W5
370412;J7N3H5
370427;J7Z3B6
370434;J7Y3P8
370443;J7Z2T6
370464;J5L1C1
370465;J7Z1N6
370470;J5K2R5
370473;J0R1B0
370474;J7Y4M7
370490;J5L0G5
370534;J7N1J1
370541;J7Y0L3
370578;J7C2A8
370591;J7Z4Y2
370592;J0R1T0
370620;J7Z2A4
370638;J5L2H9
370656;J7Y1K2
370664;G0W1H0
370670;J7Z7L4
370672;J7E5V7
370681;V6X1A7
370693;J0R1N0
370700;J7R4W1
370704;J7Y0A9
370706;J8B2X2
370710;J5K2R6
370722;J5L2H9
370726;J5J2P3
370766;J7Z7N5
370805;J7Y5H3
370828;J7J1G4
370832;J7N3M9
370844;J7J2H9
370850;J0R1T0
370852;J0R1T0
370906;J7Y2X8
370907;J5L1C1
370922;J5L1Z8
370951;J0R1B0
370958;J7H1A7
370959;J5J0E2
371035;J7Z6Y8
371041;J5L1G3
371054;J7Z3B1
371069;J5J2J8
371079;J7R4W1
371084;J7Z5L6
371089;J5L1K2
371090;J5L1K2
371101;J7Y4W2
371107;J7Y4S1
371139;J5L2H3
371149;J7N1J1
371182;J8B1J4
371201;J5L2H3
371204;J7Z4V6
371205;J7Y3A9
371264;J7C5B4
371275;J0T1K0
371326;J8H3B8
371334;J5L2H3
371415;J7Y4T1
371416;J7Y0P3
371460;J7E3C2
371479;J5L2R3
371545;J0R1T0
371560;J5J0A3
371600;J7Z5H1
371634;J0R1T0
371656;J7Z0E3
371659;J7Y5J3
371666;J7Z6Y6
371684;J7Z6X1
371744;J5J2P9
371760;J7R6L8
371794;J0K3H0
371806;J5K2H8
371812;J7Z4E2
371825;J5K1E5
371932;J5L1H9
371953;J7Y2M4
371962;J7Y4L1
372073;J7Z2N7
372074;J7N2G9
372251;J5L1G2
372261;J0V1B0
372284;J7Y1A3
372444;J7Y4G6
372484;J5L2P9
372499;J0V1X0
372664;J7N1J8
372683;J0R1T0
372800;J5L1W9
372811;J5L1W9
372836;J0T2B0
372881;G0W1H9
372906;J5L1W9
372911;J0R1T0
372995;J7Y1G7
373057;J7Z3H5
373062;J0R1K0
373069;J5J2A1
373107;J7Y5E7
373120;J7E1C1
373132;J7Y0R5
373195;J0R1T0
373244;J5L2C5
373256;J0R1S0
373323;J5L2M7
373359;J7Z3R6
373400;J8A0G5
373406;J0K3B0
373410;J7Z1P5
373411;J0R1T0
373424;J7Z6H9
373486;J7Y4M5
373496;H2L3J6
373498;J5L1B9
373525;J7Y2B7
373558;J5L2L2
373699;J7Z1K1
373719;J8B1G4
373759;J7Z6Y6
373782;J0R1R4
373825;J0K3K0
373850;J7Z2G5
373858;J8B1J4
373861;J7Z4V6
373873;J5L1R2
373902;J0R1H0
373960;J0K1Z0
373962;J7M0E5
373975;J7Z4V6
373993;J7Y1V7
374017;J7Y4T1
374059;J7Z5S8
374073;J7Z6W9
374074;J8A0A2
374089;J7Z4P9
374101;J5M1K8
374144;J5J2R2
374150;J7Z6G6
374154;J7N3N7
374226;J5L1G2
374248;J7Y3G4
374264;J5L2H3
374320;J5J7O5
374358;J0R1B0
374435;J5L0C4
374542;J5L2P7
374559;J0T2R0
374596;J7C5G6
374609;J0R1T0
374632;J8B2T5
374667;J7J1Z9
374670;J5K1C4
374673;J5J2P3
374718;J5L1N6
374729;J5J2T3
374804;J7Y1A3
374812;J7Z1R2
374823;J5J2K4
374842;J8A3P3
375022;J7Z2K1
375063;J5L2P7
375112;J5J2L8
375240;K6A1S5
375282;J7Z5J4
375336;J5L1L2
375370;J5L1W5
375454;JOR1T0
375545;J5L2S8
375551;J7Y1N4
375578;J0T2T0
375586;J7Z6T3
375606;J8G1Y9
375644;J0R1K0
375646;J0R1K0
375671;J7Y1Z4
375795;J5K2C9
375806;J7N1V1
375853;J0R1T0
375894;J7Y2P6
375919;J5L0C7
375935;J8B2K5
375958;J7Z3K6
375964;J8A1K1
376061;J0R1N0
376063;J5L1E7
376073;J2X4C1
376085;J5J2X5
376122;J7Z6V9
376138;J5J1W8
376292;J5Z5L7
376306;J5J1K1
376314;H2G2N6
376364;J5K1M7
376395;J5J2T3
376403;H2H1V8
376409;J7Z1B7
376439;J7Z4E2
376444;J5K1W4
376465;J5L2C8
376565;J7Z3Z8
376566;J5L2P7
376578;J8A3P9
376579;
376608;J7Y2C8
376640;J7Y4L4
376727;H3M3A4
376728;H1C2A8
376759;J7Z6Y6
376764;J7Z2G9
376774;J5J1M9
376789;J5J0E2
376791;J7Z0G3
376794;J0T2R0
376808;J7Y4R6
376841;J7Z7H2
376899;J0K2T0
376901;J5J0H5
376915;J7Z6G6
376953;J5J1P9
377013;J7Z6X1
377020;J5L2C8
377021;J5K1T3
377030;J7Y1V5
377038;J0R1T0
377040;J7Z4E9
377047;J5J2S8
377096;J0T2T0
377124;J0R1N0
377137;J7Z7N5
377155;J0K3L0
377165;J7Y2E6
377223;J5K2C7
377250;J7J1N8
377259;J7Y3A5
377297;J5K2H5
377366;J7Z0J9
377413;J0R1R3
377416;J8H3W1
377465;J5J2K7
377472;J7Y4L1
377535;J7Z3X2
377565;J7Y4G6
377579;J5L1L7
377580;J5L1L7
377592;J7J0Y7
377599;J7E3S6
377625;J0R1H0
377637;
377668;J7Z6G8
377741;J7N1J1
377782;J5K1H0
377804;J7Z5X9
377838;J5L1E1
377839;J5L2R4
377840;J5L1J6
377867;J5K1G3
377868;H7N3J6
377906;J0R1B0
377912;J7Z7H2
377920;J7Z5Y5
377944;J5L0N9
377964;J0N1H0
377968;J7B1E8
378004;J6R0C5
378030;J7Y4S4
378034;J5K1C4
378108;J7Y1V3
378121;J0K3N0
378204;J8H3W7
378260;J7Y2N2
378275;J5J0A6
378290;J5J0G8
378300;J7H1T9
378324;J7Y1W4
378330;J5J2K6
378386;J5L2K5
378404;J0V1X0
378485;J7Y4K3
378493;J0R1T0
378494;J0R1T0
378542;J5K1K5
378561;J5K1W1
378585;J5K1V8
378659;J7Y4W2
378679;J7Y2X1
378695;J5K1M1
378712;J7Z0L3
378720;J5L0C8
378872;J7Z7M6
378915;J5L2P9
378928;J5L1L6
378932;J7N1Y5
378933;J5J2R9
379021;J5Y1R2
379107;J7Y4Z4
379114;J5L1E1
379135;J7Z3C6
379142;J5K2R5
379161;J7P4J3
379185;J5L1P3
379236;J7E3G5
379239;J7E3G5
379243;J7Z6X6
379282;J7Y0E1
379286;J0K2B0
379287;J0T1Y0
379300;J5J2T6
379303;J7Z4G4
379304;J7Z4G4
379362;J0R1A0
379403;J0R1A0
379413;J0R1T0
379447;J8C3M6
379462;J7N0K4
379468;J5L1Y4
379477;J0R1T0
379489;J0R1H0
379515;J0R1K0
379635;J0R1T0
379639;J7Y1Y4
379697;J0T1R0
379698;J7Z1A4
379700;J5J2T6
379727;J7Y2N1
379766;J0R1T0
379780;J7N2Z8
379823;J7Z2E1
379867;J7Y2V4
379877;J7Z5L5
379974;J7Z3V3
379985;J7Y0M3
380047;J7Y0B9
380129;J7Y5H3
380159;J0R1H0
380186;J0K2B0
380195;H4G3H2
380208;J7Z6V9
380234;J7J1P1
380287;J7Y2V4
380341;J5K2R6
380355;J7Y1V6
380377;J5L0H5
380396;J5K1E5
380453;J7Y1X5
380479;J8H0N9
380491;J7Y2J4
380493;J5J1T2
380494;J5J1T2
380512;J7J1X7
380515;J8A1S8
380527;J5J1Y8
380534;J0R1T0
380541;J0T2M0
380542;J8A3E1
380571;J7Z5L5
380583;J5K1G3
380587;J5K1G3
380609;J7Z2S8
380696;J7N2B9
380711;J7Y4T2
380721;J5J2V3
380736;J7Y4L1
380738;J5L4N2
380812;J5L0C8
380877;J0R1T0
380894;J5J2K7
380903;J5L2B6
380950;J7J0V1
380987;J5L1L7
381044;J7Y3X3
381055;J7Z7M7
381073;J7N0W5
381078;J7Y1G2
381085;J7Z3H5
381119;J7Y1M5
381123;G0V1K0
381152;J7Z4V7
381170;J0R1B0
381216;J7Y4R7
381242;J7Z0E4
381257;J8A1H
381282;J5J2G2
381334;J7Y2N2
381352;J7Z1C4
381370;J8A3R3
381412;J7Z1N4
381438;J5J2T6
381439;J5J2T6
381461;
381482;J7Z3L6
381516;J6X4B6
381529;J5J2V3
381547;J5J2G2
381551;J5K1P5
381571;J7Y4Y1
381593;J0R1K0
381612;J5L0N2
381660;J7Y1M5
381676;J5L1H2
381749;J7Z5L7
381773;J5J0A6
381810;J7Y4J3
381821;H4R1G1
381840;J7Z2M7
381855;J7Z4E9
381878;J7Z5B3
381963;J7J1G7
381997;J5J0G5
382066;J7Y2M5
382175;J7Z7E5
382208;J7Z5P8
382231;J7Y4P6
382247;J5L2B6
382261;J8A1G8
382272;J7Y3X3
382291;J7Z3S8
382293;J7Y3C5
382294;J7Y3C5
382427;J7Y2W2
382453;J7Z4G4
382535;J5L1P5
382570;J5J2E4
382580;J5L1L7
382621;J5J1T5
382625;J5M0J7
382632;J7N1V1
382636;J5M0J7
382642;J7Y4J8
382663;J8A1K1
382761;J7Z6S5
382833;J7Y4J3
382834;J7Y4J3
382837;J7Z6G8
382839;J5J2C9
382848;J0T1Y0
382868;J7Y4J3
382874;J5L2M8
382918;J7Z6Z2
383000;J7L0E4
383005;J7J2C3
383014;J0J1L0
383061;J7Z4G4
383072;J5K2T5
383073;J5K2T5
383074;J5K2T5
383109;J7Z5X9
383119;J7Z2A2
383160;J7Z3R6
383167;J7J1S5
383182;J5J2R2
383196;J7Z0C2
383197;J7Z0C2
383203;J5J2G2
383292;J0K1Z0
383294;J7Y2X5
383299;J7Z4Y8
383327;J7Z5S2
383328;J7Z5S2
383329;J7Y4K8
383345;J5J2S8
383380;J7Y2C8
383397;J7Z1A9
383415;J7Z6G8
383426;J5L1K6
383463;J7Y4W2
383477;J7Y5J6
383478;J7Y
383511;J7G1X4
383554;J7Z5L6
383571;J7Z5L6
383576;J7E3C6
383591;J7Y5J6
383632;J7Z1L5
383641;J5L2A1
383644;J7Y3E6
383646;J5L2M1
383647;J5L2M1
383648;J5L2M1
383664;J7Y1H7
383665;J5L1S8
383666;J7Y1H7
383716;J7Y0C4
383717;J7J1S2
383743;J5K0A2
383744;H1Y2V9
383750;J7Y4P6
383793;J7Z3R7
383800;J7Z1P3
383801;J5J0G5
383811;J5K2T5
383827;J0T1T0
383833;J7Z5L7
383845;J0R1R1
383971;J7Z1P3
384031;J5L0H3
384055;J7Z3R6
384065;J0R1B0
384079;J5L1G8
384081;J7Z7E5
384098;J7M3N7
384120;J7Z3R6
384136;J0B3E4
384147;J7Z2T6
384167;J7Y0G8
384170;J7Y3L6
384172;J7Y3L6
384174;J7J1J9
384201;J0R7T0
384202;J5L1G5
384223;J7Z6A7
384229;J8B1G4
384231;J5L1Z1
384306;H7X3J8
384309;J5K2C7
384310;J5K2C7
384311;J5K2C7
384322;J7Y2E6
384325;J8H3W1
384338;J0R1B0
384373;J7Z3J4
384381;J7Z1G5
384383;J7Y4K4
384387;J5L1H5
384414;J7N0X9
384435;J5J2B6
384441;J5L1K6
384442;J5L1K6
384452;J7Y1R9
384506;J0T2B0
384520;J5J2J8
384529;J7Z4G4
384531;J7Y5E7
384532;J7Y5E7
384554;J7Z6G7
384556;J8H3W1
384590;J7J1J9
384600;J7Z3J4
384601;J7Z3J4
384604;J5K2R5
384634;J7Y3T9
384681;J5J1W5
384695;J5M2A1
384698;J5J2W5
384723;J7Y2Y5
384736;J7Z6G7
384751;J7Z1B9
384768;J7N3K5
384810;J7Y4L5
384821;J7N1T4
384822;J7N1T4
384839;J7N1T4
384840;J7N1T4
384842;J7Z2G4
384877;J0K1Z0
384904;
384913;J5L1Z1
384951;J7Y3R2
384953;J7Z2C1
384994;J7Y3J6
385030;J7Y4L1
385031;J7N0E6
385043;J7N1E2
385054;J7Y3L6
385056;J7Y3X3
385061;J5L0H3
385062;J7N1T4
385063;J7Y2W1
385109;J5M2J6
385119;J5J2H4
385168;J0R1T0
385181;J5J0A6
385225;J7Z2X7
385241;J7Y0R4
385251;J5K1W1
385262;J5L0E8
385281;J7Z6W9
385282;J7Z2A2
385283;J7Z2A2
385284;J7Y5H3
385287;J7Z3R6
385300;J7Z0C2
385314;J7Y4R7
385324;J7Y5E7
385329;J5L1K2
385337;J5L1H2
385346;J5J0H7
385350;J7Y3V6
385353;J5J2S8
385359;J7Y1W5
385362;J7C3Y7
385370;J5K2T5
385372;J7Y1Z7
385373;J7Y1Z7
385382;J7Y1Y3
385386;J7Y1N1
385387;J7Y4Y5
385395;J5J1T2
385401;J5L2S1
385402;J5L2S1
385407;J7Z4Y1
385418;J7Y4S1
385419;J7Y4S1
385424;J9J1N7
385425;J7Z2N2
385426;J7Y3K4
385427;J5J1K1
385429;J7Z5A5
385444;H2K3C8
385452;J5J2T7
385455;J5L2R5
385456;J7Y4L6
385459;J7Z2X3
385460;J7Y4L5
385461;J7Z2X3
385466;J5L1V4
385473;J8B1K4
385477;J0R1K0
385485;J7Z2L5
385494;J7Z3A9
385503;J7Z4V9
385504;J0V1X0
385520;J7Z3S4
385522;J0R1B0
385532;J5J1R6
385543;J5K2B7
385546;
385549;J5L1J4
385551;J7N1N7
385553;J7Z5X9
385556;J7Z3P1
385557;J7Y3A6
385565;J7Z0E4
385566;J7Z1E3
385570;J0R1T0
385571;J0R1T0
385572;J0R1T0
385573;J0R1T0
385582;J7Y2W4
385587;J7Y1R6
385591;J5J2X5
385592;J7Z1T4
385599;J7Z2A2
385604;J7Y5B4
385606;J5L1K6
385609;J5J1T2
385613;J7Z7L3
385618;J5J1J4
385623;J7Y0G7
385626;J5L1X6
385627;J5L1X6
385629;J7Z7B8
385647;J8A1Y4
385648;J8A1Y4
385650;J7Z2N4
385652;J5J0C7
385655;J5L1X6
385656;J8A3H5
385659;J7Y2Y2
385661;J7Z1L1
385662;J5J1K1
385674;J7N0R5
385678;J8A3P9
385691;J7Y0A7
385692;J7Y2E6
385698;J7Y2B7
385701;J7R5J8
385708;J7N0E6
385717;J7J2N3
385724;J7Y1R6
385738;J5Y1V3
385744;J7Y1Z8
385746;J5M2Z6
385755;J0V1X0
385766;J7Z2E1
385771;J5L1A5
385779;J5K2E3
385780;J7Z1K4
385788;J5J2T5
385791;J7Z7A2
385795;J7Y2L6
385801;
385803;J7J0C8
385808;J8A1W2
386813;J7Z3R7
386814;J0N1H0
386816;J7Z3S7
386818;J7Z4Y8
388835;J7Z0B2
388841;J7Y3Z4
388845;J7Z4H9
388847;J7Y4P6
388851;J7Z1B7
388853;J7Z5N8
388859;J7N3B3
388860;J7Z0H5
388862;J5J2S8
388863;J8G1X6
389868;J7J2C3
389870;J5L0H2
389877;J7Y3T8
389888;J5L1L7
389889;J7Y4S1
389903;J7Z6H9
389904;J7Z6H9
389906;J7Y0NM
389911;J7Z2N7
389912;J5K1A2
389921;J5L0E1
389923;J7Z2H4
389925;J7N1R6
389933;J7Y1Y3
389934;J5L2M6
389935;J5L2M6
389940;J7Y0C3
389941;J7N0C9
389943;J5J2C9
389956;J7Z6W6
389960;J2X4C1
389963;
389964;J5L1X6
389965;J7Z6G7
389967;J7Y0H7
389969;J5K1C3
389977;J7Z5H1
389982;J7J1V9
389990;J7Z3B2
389993;J7Z7G5
389994;J7Z7G6
389995;J8B3C8
389998;J7Z5R4
390002;J6Z0B2
390003;J7Z2L6
390009;J6Z0B2
390019;E2V0J6
390022;J8B2Y9
390024;J9T2K8
390026;J7N0B4
390032;J7C2N7
390037;J7Y2Y5
390043;J7Z4R5
390046;J5L1X4
390053;J5K1S1
390059;J8H1X4
390061;J5K0G7
390070;J7Y1X2
390078;J7N1R6
390082;J7N0G3
390113;J5K0G7
390114;J7Y3A4
390115;J5K1E2
390116;J5K1E2
390117;J5J2R9
390119;J5L1B1
390126;J7Z3W7
390132;J5K0E5
390133;H7N6G8
390138;J7Y3C5
390139;J5L1Z8
390146;J7J0N4
390154;J7Y4H1
390155;J5L0H2
390160;J5K1E2
390164;J5L0C4
390165;J5L2S2
390166;J5J0L9
390167;J7Y0A3
390170;J7Z1A9
390175;J7Y4P5
390186;H7E4N5
390188;J0R1T0
390189;J0R1T0
390191;J7Z3X1
390198;J5L2M1
390203;J7Y3K8
390205;J5L0E5
390207;J7P4J3
390215;J5L2C4
390217;J5L1G8
390218;J5L1G8
390220;J5L1G8
390221;J7Z4E9
390232;J6Z0B2
390238;J7Z2R2
390239;J7Z2R2
390240;J7Z2R2
390242;J5K1W4
390244;J5K1K7
390247;J8B2H5
390252;J8A0E1
390262;J7Y0H2
390265;J8H1B4
390267;J5J1T3
390282;J7Y3X3
390285;J5L2S3
390287;J5J2V3
390289;J7Y2P6
390290;J7Z5L5
390294;J5K2C2
390296;J7A0A2
390300;J5J2R7
390302;J7R4Z7
390303;J7Z4E9
390304;J5L1X4
390308;J7Z7H7
390310;J7Y0M6
390313;J7Z0A8
390314;J7Z0A8
390315;J7Z0A8
390316;J7Y1H6
390317;J5L0C5
390318;J7C0X4
390319;J7Y0C7
390325;J0R1A0
390327;J7Y2M2
390331;J5K2C7
390332;J7Y2X5
390333;J7Z0E1
390334;J7Z0E1
390336;J7Y2J8
390340;J7Z0G3
390343;J7Y1H6
390347;J7Z6B4
390350;J7Z1A2
390354;J5L1L4
390357;J0R1T0
390362;J5L2R1
390365;J7Z6G7
390369;J5L0C4
390374;J5K2R5
390376;J7Y0M2
390389;J7Z0A8
390390;J7Z0A8
390393;J7Y1T7
390398;J7Y2V8
390402;J7Y1R6
390403;J0R1H0
390404;J8A2K4
390405;J0V1J0
390408;J5L2E7
390409;J5L2E7
390411;J5L2R1
390413;J7Y4S6
390417;J5L1K9
390806;J5J2S3
390820;J7Z0A4
390867;J8G1A2
390896;J7Z2S8
390957;J7N3G6
391183;H2K3E5
391190;J7N3G6
391211;J7N1J6
391286;J5K1S1
391411;J7N0B4
391497;J7N2Y3
391521;J5J1W1
391640;J7Y5H1
391642;J0R1T0
391643;J0R1T0
391700;J7N0N5
391726;J7Y3C5
391801;J0V1J0
391837;H7K1Z6
391876;J7Z0G9
391907;J7Z5J1
391967;J7Y4S2
391980;J7Z4N6
392098;J7N0A3
392139;J5N2E4
392147;J0K1T0
392164;J0R1T0
392165;J0R1T0
392395;J5J2C4
392453;J5J0L9
392461;J0R1T0
392462;J7Z6C4
392480;J7Z5L7
392610;J7Y0A5
392660;J7Z5X1
392781;J7Y1A8
392835;J7Z4L6
392838;J5L1T5
392841;J7Y1C9
392898;J8G1K9
392957;J6E3Z1
392991;J7ZMP3
393045;J7Z0A2
393058;J7Y2M3
393156;J5K1E9
393178;J7Y2C4
393237;J0R1T1
393276;J7Y4K8
393309;J0R1T0
393402;J5L2M7
393403;J5L2M7
393426;J5M1X3
393463;J5M2W6
393531;J0K3E0
393538;J0R1T0
393578;J8B2K8
393597;J7Y2V4
393723;J0R1R1
393737;J7Y4L6
393760;J7M2E2
393864;J0K2T0
393908;J7Y1V9
393929;
393954;J7Y3Z4
394018;J7Y3Z8
394020;J7Y3Z7
394085;J7Y5K9
394086;J7Y5K9
394119;J7Z7H6
394139;J7Y3T1
394196;J7Y2E4
394211;J7Y3Y5
394269;J5K1W4
394301;H7P5W7
394346;J7C5W9
394355;J7N3K1
394404;J7Y4L5
394432;J7J2E3
394462;J5L1H7
394492;J7Z1Y1
394525;H7P5W7
394548;J7Y4G6
394570;J5L2G1
394596;J0V1K0
394703;J7Z1Y1
394913;NULL
394999;J7Y4V7
395010;J7Y0C3
395065;J7Y1C9
395196;J7Z6W8
395223;J7N3N2
395247;J7Y2V8
395271;J7Z1N4
395300;J7Y0C7
395333;J7Y4R9
395334;J7Y0K2
395337;J7Y4M5
395338;J5J2T6
395371;J7Y1X1
395373;J5L1T5
395515;J5J1V2
395533;J5L1C2
395557;J5L0H2
395600;J8E0E2
395607;H7A0C2
395683;J0V1X0
395837;J7Y2A9
395854;J0K1S0
395906;J8A1B6
395962;J7Y4V6
395987;J5L1G8
396166;J0T1T0
396206;J7Z5B7
396244;J5L2L2
396245;J0R1T0
396261;J7Z0E4
396360;J7Z6T8
396463;J7Z2H4
396507;J7Z1L4
396547;J8C2P6
396755;J0K2T0
396777;J7Z7E7
396784;J5L0A6
396835;J7Z1P4
396895;J6Z2L1
396912;J7Z3J1
396968;J7Z4Y7
396996;J0K2T0
396999;J7Y0C3
397025;J7K3Y7
397056;J7N1J2
397067;J7N3M6
397168;J7Z7B2
397204;J0R1A0
397226;J7Y2V4
397281;J7Y1A8
397303;J7Z0L2
397321;J7Z4S5
397392;J5J1V5
397400;J5L1V2
397467;J7J1M9
397480;J7Z2Y7
397596;J0T2R0
397655;J5Z5L7
397692;J5L1S8
397697;J7Y5H3
397772;J7Y2J1
397775;J7Y0A7
397794;J0R1T0
397830;J7N0C9
397847;J7N1R1
397852;J7Y1G7
397879;J7C0J4
397904;J7Z4V1
397961;J5L2G1
398010;J7J1W1
398028;J5L1A5
398030;J7Z0H5
398107;J5K0C8
398128;J7N3M9
398132;J7Y3K8
398140;J7Z0A8
398161;J0R1T0
398162;J0R1T0
398294;J5L0K4
398337;J7Y4N3
398374;J7Y3L5
398428;J7Y2V4
398436;J5K0J8
398465;J5L2G9
398466;J7Y1W8
398516;J7Y3A9
398548;J5L2K3
398578;J7Z5G5
398588;J5K2J3
398614;J7J1N4
398630;J5L1R2
398631;J0T1H0
398702;J0K1Z0
398725;J5L2G9
398729;J0N1H0
398886;J5L0C4
398887;J5J2F6
398916;J5J2C4
398941;J5L1G8
398984;J5J2C7
399131;J0L1N0
399141;J7N2R8
399153;J8G2W8
399234;J7Y4R5
399235;J7Z7G6
399236;J5L1R5
399237;J7Z0A2
399239;J7Y4T2
399240;J7Z2L6
399243;J5J2R5
399367;J7Y3N3
399391;J7Z0A8
399394;J7Z7J2
399395;J5J2W9
399411;J7Z5Y9
399419;J7J1N4
399430;J7Y2Y9
399437;J5L1K6
399442;J7Z1A4
399504;J7Y1V7
399509;J5L0K4
399550;J7Z2N6
399694;J5L1K6
399697;J7Z6Z7
399741;J5K0J8
399775;J7N3K6
399794;J7Y2T7
399823;J7J0E8
399847;J7J0K4
399854;J7Y1X1
399918;J7Z2S3
399923;J7Z2P1
410108;J0N1H0
410152;J5L0E6
410154;J7Y3B1
410244;J8A1H8
410275;J7Y2V4
410278;J0K1Z0
410296;J0R1T0
410324;J0K1Z0
410352;J5L1X6
410431;J5L1R7
410440;J7Z7H2
410533;J5M2B6
410560;J7Y3R9
410652;J7Z3R6
410706;J7Z4K8
410738;J7Y2K3
410739;J2S5L2
410838;J7N1L5
410842;J7Y0B9
410939;J7G2P8
411087;J5L2H4
411125;J7Y0B1
411147;J0T1S0
411148;J0T1S0
411149;J0T1S0
411153;J7J0K8
411166;J7Z6S2
411213;J0K1Z0
411240;J0K2B0
411287;J7Y5C1
411290;J7Z5L5
411303;J5K2L2
411425;J8H2Y2
411449;J7Y2A7
411459;J0W1R0
411613;J5K1C3
411631;NULL
411654;J5J1V7
411680;J8H1C9
411681;J7Y1B1
411696;J7Y5A7
411705;J7Z2T6
411723;J0K3K0
411733;J7Z0A8
411745;J5J2L4
411785;J7Y3W6
411829;J5L0G5
411831;J7Y0G9
411847;J7Y3K8
411870;J0W1H0
411906;J5J2S8
412029;J7N1M6
412050;J5L1E7
412115;J5K1E7
412124;J7Y4L6
412142;J5J2S1
412148;J5J2K3
412255;J7Y0K8
412284;J7Y2V4
412319;J7C5W9
412387;J7Z5X9
412404;J7N1R2
412441;J7J1J8
412549;J7Z3N1
412551;J7Z0R9
412557;J7Y0C3
412562;J5K1W4
412573;J7Y0C3
412604;NULL
412634;J5L0K5
412639;J7Y4J2
412683;NULL
412716;J7Y2T2
424700;J7Y2Y9
424742;NULL
424750;J7Z4J5
424798;NULL
424851;J7Y2V4
424869;J8C3L7
424873;NULL
424879;J7Z5X9
424906;J0R1T0
424926;
424929;J7Y0K3
424949;J0K1Z0
424958;424958
424962;J0R1T0
425022;J7Z7H8
425027;J8H8Y8
425166;J5J0C3
425190;J5I1Y4
425193;J7Y4P4
425212;J0R1T0
425213;J0R1T0
425281;J7J1J4
425286;J0V1K0
425318;J7Z1L6
425323;J7Z0B3
425340;J7Y2X7
425345;NULL
425354;J7Z7N5
425393;J7Y0P4
425428;J7Z3W1
425429;J7Z3W1
425474;J7Y2W8
425479;J5J0E7
425502;J7Z5S2
425523;NULL
425531;J5J1Z9
425568;J5L0K5
425625;J7Z6V7
425628;J7Z4E5
425656;JSJ2Y7
425702;J8H3W8
425717;J7Y4M5
425747;J5M1C3
425748;J5J2R5
425760;J7E4y7
425771;NULL
425778;J7N0C2
425830;J0T1L0
425838;J7C4W1
425841;J7Z5H9
425843;J7J1P7
425857;J5M0G9
425858;J5M0G9
425872;J7M0S6
425909;J7Y1J7
425917;J7Z1T4
425937;J725S7
425948;J7Y5J3
425955;J7Y5L6
425974;J0R1T0
425992;J0R1T0
426022;J0K1S0
426034;NULL
426035;J7Y3Z4
426089;J0V1B0
426094;NULL
426226;J5L1H5
426275;J0N1H0
447015;J8A1J8
447040;J0R1R6
447048;J5L1Y4
447104;J7Y2T8
447105;J0R1R6
447170;J0V1B0
447196;J5L2C5
447318;J7Y3L5
447319;J6E1Y7
447379;J5M1C9
447422;NULL
447423;NULL
447528;J5L2T2
447529;J5L2T2
447556;J7Y0L9
447566;J7Z2M5
447748;NULL
447784;NULL
447785;J7Y2M3
447817;J5J0H2
447846;J5K1C3
447858;J6Z4N1
447902;J8B2A2
447907;J5J1L8
447912;J7Y2P5
447927;J7Y1N2
447932;J5L2A1
447981;
448019;J5L2A1
448098;J5L1E1
448137;J7Z7L8
448247;J8C3S1
448251;NULL
448279;J5J0K9
448282;J5L0A2
448283;J5L0A2
448286;J5L0A2
448290;J5L0A2
448316;J0N1H0
448367;J0V1B0
448377;J5K1E7
448383;NULL
448401;J7Z2S1
448419;J5K1H8
448427;J7Z7L8
448448;NULL
448467;J7Y3K2
448471;J7Z3C5
448477;NULL
448488;J7J0K8
448493;J7N0Y1
448505;J7Y1W1
448506;J7Y1W1
448515;NULL
448596;NULL
448669;J7Y1Z6
448708;NULL
448740;J8A0B8
448752;J0T2B0
448762;J5J2S8
448808;J5J2B6
448851;NULL
448855;J7Z5K8
448873;J5K1Y3
448882;NULL
448903;NULL
448951;J8C1W4
449070;
449124;J5J2S1
449151;J7Z7H1
449152;J7Z7H1
449153;J0T1L0
449194;J0T1Y0
449247;J0K2T0
449254;J7Z2M4
449257;J7Y5K6
449261;JSJ2Y3
449298;J0T2J0
449362;J7Z7L8
449388;J7N1P6
449406;J7Y3E9
449415;NULL
449428;
449570;NULL
449708;
449799;J5J1R3
449821;G0W1H0
449930;NULL
449936;J0V1J0
449948;J5L0K4
450073;J7Z2K7
450092;J7Z4A8
450139;J0N1E0
450169;J0R1T0
450175;J7Z6H9
450275;J7Y2F2
450290;J7Y2W4
450295;NULL
450311;J7J0C9
450312;J7Z5K8
450465;J5M0G8
450477;NULL
450496;J7Z5H3
450512;J8H4N4
450552;J5L2G4
450629;J5M0G9
450645;J5J1L6
450646;J7Z3V2
450732;J5L2S7
450780;J0R1H0
450793;J0K1Z0
450814;J5J1X3
450860;J7N3H6
450915;J5L1G2
450919;NULL
450941;NULL
450960;J7Z4J8
451008;J5L2S8
451009;J5L2S8
451074;J7N2G8
451146;J5M1X6
451173;J5J1K1
451182;J7Y0L9
451231;J5K2E3
451243;J7Z5L5
451269;J7Z6W2
451274;J5M2A2
451278;J0W1H0
451368;J7J7C3
451396;NULL
451434;J5J2M8
451465;J7Z4R4
451467;J7Y0H5
451479;J7Y3Z7
451482;J7Y5C1
451601;J7Y3X3
451603;J7Y3X3
451618;J7N3K1
451662;J7Y0M4
451667;J0K2T0
451678;J0N1H0
451685;J5N0H6
451733;J0W1R0
451749;J7Z5Y2
451751;J7Z4R5
451752;J7Z4R5
451766;J7Y1G2
451769;J7Z4X3
451783;J7Z6Z2
451821;J7Y4Z8
451840;J5L1H4
451887;J7E3N9
451916;J7Z7H6
451919;J0T2C0
451920;J0T1K0
451924;J0T2C0
451939;J7Y3W1
451944;J7Z2G5
451963;J5L2L9
451978;J5L0E8
451994;J7Z6X7
452032;5L12E4
452065;J5K2A1
452071;J7Z5X1
452095;J5K2A1
452097;NULL
452106;J8H2B1
452146;H7J1E6
452163;NULL
452174;
452214;J8A2B6
452229;J7Y3P4
452259;J7Y2P6
452265;J5M1Z6
452267;J5M1Z6
452306;J7Z2A8
452363;J7Z5L7
452367;H7Z2K2
452391;J7Y1B6
452395;J7Z3K8
452411;J7Z6W5
452420;J7Y5K5
452430;J7Z5L5
452455;NULL
452494;J7Y2X7
452495;J7Y2X7
452498;J7Y3Z4
452551;J5J1W7
452557;J7N2R6
452578;J5N2J6
452610;J7Z2S3
452620;J7Y0E5
452630;J7Y3A1
452650;J7Z3B1
452662;J5L0G5
452666;G5J3P7
452684;J5L1L4
452700;J7Z0H6
452707;J7Z2A4
452709;J7Z2A4
452729;NULL
452784;J7J2R8
452785;J7J2R8
452804;J5L0C4
452826;NULL
452856;J7Z2C4
452887;J0R1B0
452909;J7Z4X5
452974;J7M2G6
452987;J8B2T5
452988;J0R1T0
453023;J5J2Y2
453025;J5J1W2
453030;J0R1R4
453037;NULL
453044;J7N0W5
453058;J5K0B4
453062;J9L2W8
453123;J5J0K6
453125;H1R3M2
453134;J7Z4B3
453156;J7N1R2
453195;J7Z1B1
453199;J0V1X0
453210;NULL
453238;J7Y1W4
453265;J7Y5J1
453272;J5K1S1
453277;NULL
453305;J7Z1X4
453322;J7Z3Z8
453347;J7Y2V4
453385;J5J0E9
453412;J7Y5A7
453485;J0K2T0
453566;J0K1A0
453579;J7Y3G6
453604;J7M0B3
453656;J5L2C4
453681;J7Z1Y3
453690;J7N1S4
453729;J7N1N7
453750;J7Z4T2
453797;J8A1Y4
453798;J8A0A1
453825;J7Z0G7
453830;J5L2H8
453878;J5L2J2
453893;NULL
453898;J5L2J2
453918;NULL
453926;NULL
453939;NULL
453941;J0T2R0
453946;J0V1X0
453990;J7Z0E1
454008;J5M0G6
454017;NULL
454049;J5J2T4
454083;J7Y3B2
454150;J7C2V2
454156;NULL
454197;J7Y2P6
454216;J5K1K7
454218;J7Y5E1
454230;J7Y4S1
454234;J7Y4S1
454236;J5J0P4
454237;J7Y4X3
454242;J5L0K9
454267;J7Z4B3
454275;J7Z2C1
454299;J0S1H0
454454;J0T1T0
454511;J7Y3B6
454610;J7N1V4
454694;J7Z5X9
454695;J7Y0B1
454729;J7Z0K8
454840;J7Z4Y7
454876;J7Y4J3
454889;J5L0G5
454890;J5L0G5
454915;NULL
454937;J8G0E3
455025;J7Y4Z8
455231;J7Y5E4
455387;J5L2J2
455419;J7Y3Z8
455422;J7Y1W6
455512;J5K2N9
455538;J7Y4G3
455542;J7Z0G6
455705;J5J2B2
455725;J0R1T0
455757;J5K1X4
455818;J7C4L3
455848;J7Y5L3
455929;J5K0M1
455962;J7Y0M7
456146;J&H0G5
456175;J0K1Z0
456188;J7Y4J2
456217;J7Y2M2
456232;J5A2S1
456238;J8A3A8
456264;NULL
456286;J5L1S1
456310;J5J0B8
456333;J0K1Z0
456352;J7Z0H5
456385;J5L2H8
456537;J0K3B0
456574;J7N3M4
456590;J5K1W4
456603;NULL
456649;J7N0C9
456650;J7N0C9
456741;J4L4P7
456787;J7Y4P6
456868;J7Y2A9
456902;J7C4R1
456941;J7Y2V4
456992;J5J2R9
457064;J5M2X6
457138;J7Y2Y2
457185;J7Y3A3
457189;NULL
457224;J8B3H8
457236;NULL
457289;J7Z0J5
457340;J5K2C7
457378;NULL
457416;J5J2Y5
457434;J0V1K0
457467;J7Z6S4
457496;J5K2C7
457505;J0R1T0
457509;J6V1A6
457574;J7Y3M9
457577;J0W1R0
457578;NULL
457585;NULL
457587;J7Y0A5
457590;J7Y1T6
457633;J7Z5X1
457634;J7Z5X1
457645;J7Y0B9
457646;J7Y0B9
457684;J7N1P3
457745;J7Z0G6
457763;J5J1E2
457777;J5L2J2
457896;J5L2H7
457900;J5J1J9
457920;J8A1W7
457943;J7Z4R5
457968;H2X2S1
458023;J7Y0C9
458029;J7N0W4
458153;J7Y2T8
458194;J5N4M7
458197;
458215;J0R1T0
458220;J7Z1E2
458298;J5K1E5
458300;J7Y4W5
458369;J8G2A3
458376;J7Y2A2
458403;J7Y1Z6
458424;J5L1E7
458453;J7Y0B9
458454;J7Y0B9
458493;J5J1J7
458530;J5M3A9
458569;J5J1P2
458598;NULL
458631;J7Z7B9
458699;J7Z5B1
458732;J7Z6Z3
458808;J5L1R5
458820;J7Y4M7
458849;J7J0E8
458900;J7Y2T8
458903;J8B3C9
458937;J5K0J7
458943;NULL
458966;J7Y1Z6
459069;J0V1H2
459139;NULL
459156;NULL
459194;J7Y3X3
459270;J8A0C5
459283;NULL
459288;J8C0P1
459294;J8E2T5
459300;J5L2C4
459358;J5L2B1
459373;NULL
459424;NULL
459445;J5K2T4
459466;J7N0J6
459507;J5L0E1
459508;J7Z5L9
459513;J0K2T0
459547;H7T0B2
459583;J8B2A2
459629;J5K2T4
459630;J7Y3W6
459652;J7N0W3
459678;J5L1Y4
459680;NULL
459687;J0N1H0
459819;J0R1T0
459820;J0R1T0
459873;J8B1X9
459891;NULL
459923;J7Y5H8
459936;J5L1Z6
459964;J5J2C7
459987;J8B3B9
459993;J7Y3C5
460013;J7Y3X3
460148;J5L1T3
460215;J7Y4A6
460220;J7Y3W6
460266;J7Y4Z8
460463;J0K2T0
460475;NULL
460520;J7Y5L3
460524;J8A3E1
460528;J7Y4G6
460549;J7Z7L3
460568;J0R1J0
460622;J7Z3D2
460623;J5K0K4
460655;J7Y3G6
460722;J7J1H3
460845;J7N0C9
460891;J7Y2E1
460985;J0V1K0
461032;J7Y2M4
461044;J7Z2X3
461053;J5L0K4
461056;J7Y3Y5
461110;J5K1J8
461112;J5K1J8
461215;J8G1C9
461231;J7Y2V8
461255;J7Y4J2
461303;J5J2R2
461309;J7Y5J9
461315;J7Y3T6
461330;J5L1J2
461332;J5M2X2
462537;J5M0A1
462550;NULL
462576;J5L2E7
462629;J7Y4V9
462655;J7Z3Z8
462680;J6Y2B7
462794;J7Y4P5
462878;J8A1J7
462883;J7Y1Z9
462946;J5J1P2
462960;J7J2P1
463035;J7Y0M5
463053;J%L1H7
463103;NULL
463106;J5J2T4
463120;J7J2G8
463164;J7Y5E4
463210;J7Z3L5
463215;NULL
463264;J7Y3C5
463307;J7Y2V1
463308;J7Y2V1
463310;J7Y2B1
463311;J7Z6X9
463324;J8A1J8
463332;J7Z1H8
463339;J5L2S7
463358;J7N0C9
463370;J0R1T0
463373;J5J1K1
463381;NULL
463427;NULL
463450;J5J2G9
463542;NULL
463578;
463643;NULL
463644;NULL
463680;J7Y2S5
463715;J7Y2M3
463730;J7Z1T4
463752;J7Y1W4
463781;J7Y2N3
463793;NULL
463814;J0K2X0
463825;J7Z2M3
463833;J7Z5P5
463841;NULL
463912;J7C3B8
463923;J7Z4Y2
463984;J5L2C4
463991;J5JOK4
464045;J7Y4P5
464050;J7Z6B5
464065;J7Y1H3
464068;J7Z1B1
464073;J5J1T3
464074;NULL
464121;J7Y1Z6
464130;NULL
464160;NULL
464180;J5J0H2
464239;J5J0H2
464240;J7Y3R9
464257;J5J1C4
464355;J5Z2L2
464418;J7Z1M5
464454;NULL
464461;J8G2E2
464485;J7Z7C3
464525;J7Z7B6
464527;NULL
464545;J7Z6T8
464593;J8B2H5
464594;NULL
464619;J7Y2V8
464625;J5L2H9
464626;NULL
464649;J7Y4L4
464680;J5J2J8
464783;J0K1S0
464812;J5J2N8
464839;J5J2J9
464879;J5J1T5
464993;J7Y2T2
465017;J7Z6B5
465102;J7J1P4
465112;J0R1R1
465118;J7J2S9
465139;J7Y1M6
465153;J5J1J4
465165;J7Z6S5
465240;J7Z0A7
465254;J5J2J9
465310;J7Y5J2
465317;J7Z3A7
465320;J7Y1X1
465402;J7Z6A9
465419;J5L1T5
465456;J7Z0K8
465478;J7Y4L4
465479;J7Y3M6
465515;J9T3A1
465576;J7Z3B6
465592;J5M2S7
465628;J8H3A7
465682;J5L0H9
465799;J5L2G9
465843;J7Z7B4
465922;J7Z2M5
465968;J7Y2A7
465969;J5M3E6
466000;J7Y4J1
466003;J7Z5C8
466041;J9L3W1
466043;J7Y3Z7
466124;J5J1P1
466129;J5L1L6
466171;J8H4P1
466320;J7Y3J9
466340;J5K2N9
466379;J7C0H4
466405;J7Z5X1
466437;J7Z2X5
466438;J7Z2X5
466440;H2G2B2
466474;J7Z6W3
466510;J7Z1K2
466514;J7J1J2
466552;J5B0A2
466555;J7Z1E2
466620;J0R1T0
466653;J8H1N8
466706;J0R1T0
466750;J0R1T0
466752;J8G2Y3
466760;J5M3E7
466786;J7V0M6
466865;J7Y1H9
466914;J5L1T8
466919;J5L2S8
466921;J5L2S8
466945;J5J1X9
466966;J0K1Z0
466975;J7Z6Z9
467012;J7Y0M7
467023;J0R1T0
467064;J8A1E9
467115;J0K1S0
467119;J7Z7A3
467125;J7C4R3
467173;J7Y0K2
467259;J7Y3K9
467296;NULL
467304;J7Y1C8
467367;J7Z7A1
467398;J7Y0L4
467532;J7Y5J7
467534;J5J1C3
467582;J7Y1A8
467606;J7Z1C1
467621;J5K1Z9
467645;NULL
467652;J5J1Z9
467653;NULL
467689;J7Z4R4
467724;J9X5L9
467859;5J52A6
467869;J7Y2M3
467874;J5L1Y4
467921;J0N1N0
467976;J5J0M2
467978;J7Z6W7
467996;J7Z4V9
468104;J7Y0K2
468106;J7Y0K2
468108;J7Y0K2
468205;J5L2S3
468212;J5L0K4
468259;J5J2A6
468272;J7Y3J7
468358;J5L2L2
468376;J5K0G8
468424;J7Y3T1
468490;J5Z5G3
468627;J0R1R1
468657;J4Y0C3
468748;J7Y0C3
468795;J7Y0C3
468799;J5K1V8
468847;J7J1Y7
468902;J0R1T0
468928;J7Y5E7
468965;NULL
469106;J5L2N9
469112;NULL
469116;J0R1B0
469146;J7Y2A9
469178;J5J1G6
469241;J7C4W1
469277;J0W1V0
469328;J5L2C5
469379;J7Y3W2
469434;J5L0K4
469448;J7Y1W6
469591;NULL
469592;J7Y4Z5
469629;J0T1H0
469667;J7Y4S6
469670;J7Z6G1
469749;J5J2V2
469753;J7Y0H6
469803;J7Y4R6
469833;J5L2S8
469865;J7Y4J1
469871;J7Z6H7
469889;G5J0E5
469892;J7Z6V6
469912;J5K1C2
469942;J7Z2J4
470016;J7J2B8
470081;NULL
470166;J7Y1V3
470195;J7Y2N5
470199;J5M2A7
470206;J0K1Z0
470211;J5M2A7
470395;J5L1H2
470409;J5M0H5
470489;J5K2T9
470506;J0K1Z0
470526;J7Y0H3
470564;J7Z3Y9
470572;J7Y0E5
470581;NULL
470586;J7Z2H4
470599;J7Y2Y9
470687;J5L1H7
470705;J5L2L8
470711;J7Z6B3
470719;J8A2X9
470725;J7Y2V6
470742;J7Z1B1
470744;J7Y2A8
470829;H2X2S1
470830;J5L1A5
470857;J7N3G6
470917;J7Y4X8
470951;J7Z2A4
471003;J5J0P5
471067;J5K1C2
471103;J7Y2X8
471111;J7Y2X8
471121;J5L1H4
471140;J7Z3N9
471191;J5L1M4
471286;J7Y2Y9
471292;J0T1L0
471293;J0T1L0
471354;J7Y2Z9
471367;J7J0B6
471392;NULL
471418;J5L2B2
471421;J5L2B2
471428;J7Y2V8
471448;J0V1K0
471460;J5J1X8
471464;J0L2A0
471468;J7Z6B3
471553;H7T0R9
471554;J7N0J7
471558;J5L0E5
471613;J5L0E5
471696;NULL
471739;J7N1P8
471813;J5L1L9
471825;J0K2T0
471827;J5J2J6
471839;J5J2Y7
471845;J7Y3R3
471932;J8B1P6
471993;NULL
472030;J5A1Y6
472047;J7J2H6
472054;J7Z7A4
472075;NULL
472119;J7Y5L2
472121;J7Y0M4
472124;G7Z5L5
472138;NULL
472163;NULL
472177;J7Y4K2
472247;J5L1A5
472253;J0R1A0
472258;J5J0E2
472279;J7Z6C4
472293;J7J1C5
472341;J8B1K5
472375;NULL
472402;J7Y0J1
472430;NULL
472445;NULL
472534;J7Y4K1
472675;J8A2H5
472687;J0N1H0
472699;J9L3G6
472709;NULL
472725;J0K2T0
472737;J0K2T0
472738;J7J2J6
472786;J0K2L0
472811;J7N2Z9
472812;JM51M6
472851;J5M2B2
472854;J5L0C5
472881;J5J2R4
472891;J7Y0H6
472922;J7Y4K2
472931;NULL
472934;J7Z6B4
472962;J7Y2T8
472980;J5M0C3
473035;J0R1T0
473113;J7Z3M9
473128;J5K1C3
473275;J8B2A4
473298;NULL
473299;NULL
473361;J0R1K0
473443;J7Y4S2
473585;J7Z7M2
473665;J6A5W1
473678;J7Z1E8
473697;J5M0H5
473700;J5L2H9
473704;J7Y3L5
473723;J7Y3Z7
473731;J7Z5S1
473741;J5M0L2
473795;J5L1A5
473796;NULL
473797;NULL
473799;J7M1T4
473824;J7Y2A2
473842;J8H3W8
473857;J7C5V5
473921;J7Z3Y3
474027;J7Y2Y4
474093;J7Z3R6
474186;NULL
474201;J8A0L5
474236;J7Z4V1
474261;NULL
474263;J7Z4E7
474266;J0R1T0
474330;J5M0H5
474380;J7Y1K7
474381;J5L2S2
474386;J5K1C3
474399;J5L2S3
474402;J5K2C7
474413;J5K2H8
474450;J0R1T0
474626;J3Y0W4
474628;J3Y0W4
474639;J0T2N0
474648;J7Y2E4
474671;J7Z5X7
474682;J7Y2T8
474697;J7Y5L3
474777;J7J2P7
474787;J0T2M0
474802;J5L2S7
474862;J5L2S8
490067;J7S6S3
495027;J5J1N6
495043;J7Z2K7
495059;NULL
495060;NULL
495063;J7Z2A5
495077;J5L0C7
495135;J7Y0A2
495160;J8C3T1
495161;J8C3T1
495179;J7Z7B8
495185;J0V1K0
495230;J7Z7E8
495258;J5L1J3
495446;J7N1K2
495447;J7N1K2
495460;J7Y4N1
495510;J5M3E7
495538;J7Y2C1
495564;J5L2P7
495593;J7N0R6
495600;J7Z1A5
495603;J7Y2V6
495626;J5J1L8
495654;J7Y0B5
495666;J0R1T0
495670;NULL
495809;J7Y4K6
495915;J5K1K7
495934;J7C3E3
495935;J5J0B8
495962;J0K1Z0
495996;J7Y5C1
496001;NULL
496045;J7N0Y1
496110;J5K0B9
496123;J5L1L6
496124;J7Y2W4
496190;NULL
496191;NULL
496204;J8A0G5
496299;J7Y0A2
496446;NULL
496471;J7Y5K9
496497;J7N2W4
496530;J6E8G5
496617;NULL
496675;J7Z6V4
496681;J0R1T0
496689;J5L1B5
496691;J8H0L3
496707;J7Y0C3
496798;J7Y5L2
496799;J7Y5L2
496804;J8H2W7
496809;J5L1S3
496817;J7J0N4
496850;J5J1C3
496853;J7Z0E1
496865;J7J1V2
496866;J7J1V2
496886;J5L1K2
496929;J7Y1N4
496936;J7Z1L2
496952;J7Y1A3
496970;J5K1H8
497001;J7Z2K6
497029;J7Y3E7
497044;J5K0G5
497055;J7Y3K8
497068;NULL
497137;J5L2P9
497245;J7N1C2
497267;J5K2K4
497335;J0K1Z0
497368;J5J1C6
497405;J7Y1V9
497472;J7Y0H4
497494;J5L2B6
497501;J8A1T7
497547;J7Y3Z4
497585;J5K2C7
497650;J5J2B8
497694;J7Z3T5
497714;J7Y3L7
497715;J7Y3L7
497716;J7Y3L7
497719;J7J2S9
497750;J7Y4T2
497776;H2K0H7
497779;J5L2P9
497787;J7Y5J1
497813;J7Z3H2
497830;J9L2K7
497835;J5K1C4
497839;J0R1T0
497868;J7Y5B2
497902;J7N1R3
497910;J7J2L3
497917;J7Z2S2
497940;J7Y5B2
497947;J0R1R4
497988;J5J1N2
498094;J7Z1C5
498101;J5L0M3
498190;J7Y3R9
498198;J0T2C0
498234;J7Z0G6
498240;J5L2S2
498276;J7Y1X1
498337;J0N1H0
498406;J8A2J7
498433;J5L1R7
498435;J7Y1T6
498443;NULL
498554;J8A2K4
498570;J8A1C5
498620;J7Z3S7
498642;J7N1A2
498746;J7N0R6
498805;J5M2T4
498835;J0W1E0
498954;J7N1L2
498979;J6Y3T1
499061;J7Z7N5
499069;J7Z7N5
499082;J5L1S1
499116;J5E1W4
499182;J8E2S8
499200;J7Y2L3
499209;J5L2S7
499290;J7Y5H9
499295;J7Z0J8
499359;J5L1P4
499401;J5L1H4
499458;J7Z4V1
499572;J7Z7N1
499631;J0T1Y0
499660;H7P5C9
499676;J7Y4X1
499701;J7N1J4
499777;J7Y1K2
499779;J5M0W6
499857;J5L2H8
499865;NULL
499898;J7Y1V7
499903;J7Z7G1
499939;J7Y3B4
499940;J8A3A2
499942;J7Z1P4
499983;NULL
499987;J7Z3Y4
500029;J7Y0M4
500036;J5J2N1
500111;J5M0X8
500112;J0R1T0
500120;J7Z1K5
500173;J0K1S0
500221;J6X0G5
500222;J6X0G5
500257;NULL
500283;J5J1R3
500284;J7Z1P6
500291;J7Y5J7
500310;J8G1X9
500426;J5J2S7
500472;NULL
500495;J7Z3R6
500523;NULL
500528;J7Z0G4
500529;J7Z0G4
500608;J5L1H4
500632;J7J0H6
500678;J5L0K4
500763;J7N0N6
500796;J5K1L8
500801;J7M3E8
500802;J7M3E8
500830;NULL
500835;J5L2R7
500837;J8G0E3
500905;H2R1H7
500919;J7Y0C9
500920;J7Y0C9
501008;NULL
501021;J5L2G1
501043;J5M2R1
501050;J8A1E9
501063;J5L0G2
501191;NULL
501209;J5J2L7
501256;J5W0C1
501401;J8G1T6
501499;J5M2M2
501512;J5L1S8
501524;J7J2P1
501595;J7Z6T7
501625;J7Y0B1
501653;J7Z1Y3
501655;J0K1Z0
501668;NULL
501671;NULL
501674;J5L2R3
501754;J5X4B9
501785;J7Y0E4
501796;J7Z7N5
501804;NULL
501849;J7Z6G4
501863;J5L0J3
501866;J7C0A1
501922;J7Z3W7
501935;J5J1S6
501940;
501946;J7Y1V9
501955;J7Y2W1
501968;J5L2C8
502132;J7Y4P4
502165;J5K1E7
502223;J7E4M7
502300;J7H1T9
502317;J7Z7N1
502401;J7Z4M5
502443;J7J2P1
502481;J7Y0C9
502496;J5J2V2
502518;J7Y3E5
502535;J7Y3R3
502544;J7Y4R1
502546;J7J1H9
502559;J0V1X0
502685;J7N1S1
502754;J5M1X8
502760;J8A0G6
502785;NULL
502808;J7N0Z2
502902;J7Y1J8
502934;J7Z4M5
502958;J7Y0C1
502987;J7Y0B4
503041;J5L2P7
503091;J0R1V0
503193;J0R1B0
503246;J5G2W7
503247;J5G2W7
503248;J7Z7B2
503274;J0T2C0
503385;J8B0G7
503391;J0R1T0
503426;J5L1E8
503446;J0B1K0
503453;H7M1V5
503456;J7Z4Z4
503473;NULL
503569;J5K1C8
503631;J7Z5P3
503676;J5L2M7
503693;J7Z3H2
503710;J7Y1W8
503737;J0N1H0
503769;J7Y4W1
503773;J7Z0G6
503817;J7Y4W1
503818;J7Y4W1
503819;J7Y0H1
503857;J7Y2V4
503881;J7J2E2
503899;J5K1J8
503909;J7Y2Z7
503989;J7Z6X7
504146;J5M4G0
504147;J5M4G0
504150;J8A0G5
504181;J5Y0B9
504202;NULL
504223;NULL
504300;J5L1X4
504317;J7Z5S1
504318;J7Z5S1
504399;J7Y4M8
504436;J8A2H7
504494;NULL
504523;J5J0H7
504544;J7Y2C6
504560;J7Z5B7
504575;J5M1W7
504602;G5L2J3
504615;J7Z2L5
504653;J7Y0B9
504671;J7Z6T9
504689;J7J0G1
504702;J7J1M7
504706;J7Z6T2
504747;J5J1N9
504753;J7C5B5
504759;J7Y0N5
504825;J0R1H0
504882;J7Y2Z7
504883;J5K1M3
504914;NULL
504918;J0T2N0
504932;J0R1T0
504990;NULL
505010;J5L2P7
505022;J7Y2T2
505030;J7N0N6
505044;J7Y0C3
505079;J7J1H3
505082;J0V1X0
505160;NULL
505274;J7Y4S6
505289;J7J0S5
505363;J7Y5C1
505364;J7Y5C1
505421;J5J1T3
505423;J5J1T3
505424;J5J1T3
505473;J7Z3R6
505476;J7Z4H2
505483;J7Y4G3
505628;J7N3H9
505686;J0K1C0
505687;NULL
505691;J5L2S2
505708;J7Z0G6
505723;J5L2B1
505741;NULL
505749;J7Z6T5
505756;NULL
505758;J0K1S0
505763;J0T1H0
505806;J8H2S2
505906;J7Y0A2
505948;J7Y1J5
505959;J7Y4T5
505978;NULL
505989;J5M2W6
506066;J7Z1P4
506080;J5L2G1
506139;NULL
506155;J7N0E6
506156;J7N0E6
506157;J0V1X0
506161;J5J2E5
506247;J7Z7L8
506249;J7Y2Y9
521109;J7Y3M6
521131;J725H3
521214;NULL
521218;NULL
521219;J0K1Z0
521269;J7Y3C6
521296;J7J0R9
521308;J5L1C5
521367;J0R1T0
521373;J7Z5K5
521380;NULL
521410;NULL
521420;J7Y4P5
521474;J5R2S1
521502;NULL
521512;J7Y4H7
521523;NULL
521556;J7Z1T4
521562;NULL
521586;J0R1T0
521590;J7Y2J4
521631;J7K0S4
521639;J7Z0E3
521680;J7Y1A9
521711;J7Y5C1
521724;
521731;J5M2X2
521774;J5N4E2
521777;NULL
521783;J5L1Z8
521981;J7J2L3
521985;J8A1W8
521991;J7Y0A5
521992;NULL
522003;J7Z5Y1
522026;J5L1J6
522032;NULL
522078;J7Y4X5
522124;J5J1J7
522129;J7C5Y1
522138;J720J5
522140;J7Z6W5
522142;J5M2C8
522169;J7J0S3
522177;NULL
522219;J7Y1R6
522227;NULL
522242;J5L1T8
522259;J7Z2L9
522297;J5L0K5
522310;J7Z6T4
522361;J7Y1M6
522403;J5M1P5
522404;J5M1P5
522407;J7Z6S7
522418;J7Z4V2
522453;J5L1Z8
522514;J5J1N5
522517;J7R6P7
522586;J0K3K0
522623;J7Y3V7
522639;J7N1P9
522757;J7Z6X2
522775;J5Z1C9
522779;J7Y0H6
522780;J0V1J0
522800;J5M2E4
522825;J7Y4T5
522826;J7P3T2
522827;H1H3W3
522868;NULL
522869;J7Y1P6
522896;J7Y2Y6
522962;NULL
522999;J7Y0H3
523001;J7Y0H3
523002;J7Y0H3
523042;J0V1B0
523055;J5J2S1
523162;J7N0P3
523173;J0K1E0
523242;NULL
523273;P3B3L3
523321;J5L2P3
523325;NULL
523332;J5L0H3
523403;H1B4J2
523482;NULL
523487;J7Y0B2
523512;J7Z7M3
523519;J7R6L8
523529;J7Z6T5
523531;J7Z6P4
523532;NULL
523543;J0T2P0
523647;J7N3E2
523668;J0K2T0
523772;NULL
523792;NULL
523817;J7Z0H4
523819;J5L0A3
523941;NULL
523996;NULL
524028;J5M2A3
524055;J7Z1J9
524088;J7Z6V6
524100;J7J1N8
524216;J7Y3S7
524224;H1Z3M9
524327;NULL
524389;NULL
524406;J7Z0A4
524426;NULL
524432;J7Y6C5
524435;J7Z3C8
524475;J5L2S2
524488;NULL
524489;NULL
524495;J0K2X0
524524;J7Z7N2
524552;J5L0M3
524556;J5L0K4
524628;J7Y4X3
524669;J7Y1C2
524708;J0N1H0
524751;NULL
524760;J7Y4W5
524772;NULL
524856;J5K1V8
524924;J0K2T0
524936;J7C1X1
524950;J7Y0M4
524982;J7Z5K7
525044;J5L2S8
525069;J7Y3Z7
525091;J5M0J6
525111;J0R1AZ
525119;J0R1B0
525137;J7Y2Y1
525151;J5L2M1
525185;J7Y0L9
525271;J7T0A5
525291;J7Z2T9
525319;J7Y5J6
525340;J726X6
525350;J7Y3B2
525385;NULL
525389;NULL
525397;J7Z5E6
525424;J8A1A7
525450;NULL
525463;NULL
525465;J0B3E6
525478;NULL
525586;J7Z1E7
525591;J0R1T0
525651;J7Z3P9
525664;J7Z3P1
525666;J7Z3P1
525699;NULL
525763;NULL
525788;J8A2J9
525789;J0N1H0
525790;NULL
525868;J0T2A0
525890;H9R6D9
525895;NULL
525930;J7Y3J6
526005;J7J0J8
526016;J8A3A2
526018;NULL
526061;NULL
526097;NULL
526130;J7Y4N4
526131;J7Y4N4
526135;NULL
526137;J7Z0C2
526148;J7J0H6
526191;NULL
526193;NULL
526198;J8H1G4
526216;NULL
526285;J7Z6T7
526292;J5K1W3
526303;J7Y1G7
526324;J5K1C3
526354;J8A2R6
526365;J7Z0J8
526376;J7Y4V5
526407;J7Y2V5
526420;J7J1H6
526533;J7Y3K8
526546;J7G2R6
526574;NULL
526590;J5L0E8
526607;J8G2R6
526642;NULL
526664;J7Y5L7
528675;J5J0H7
528692;J5J2N5
528694;J8G0E3
528702;J0T2B0
528788;J7Y3Z6
528804;J0N1M0
528805;J8B2H6
528816;NULL
528872;J5L1S6
528887;J0R1R2
528907;J7Z5N7
528919;J0K1Z0
528925;NULL
528928;J7Y5L3
528956;J7J1E2
529007;NULL
529009;J7Y4N4
529013;J0R1T0
529086;J0R1R2
529098;J5M2T4
529164;J6E1B8
529185;J7Y0B3
529195;J8G3C4
529212;J0K1Y0
529280;J8A1H4
529302;J5J1J4
529308;J7Z2P2
529311;J6Y1W4
529353;J5K1H4
529391;J7Z0K2
529496;H1R2E9
529531;NULL
529535;J7Y0C7
529537;NULL
529547;NULL
529566;J8R2N1
529568;J8A2N1
529572;J7Z7M2
529586;J7Z6W6
529590;J5J2S2
529700;J0T2N0
529716;J5L1K6
529737;J0R1T0
529778;J7Y0N1
529846;J0K2S0
529875;NULL
529878;J8C3S1
529885;J0R1T0
529895;J7Z2V6
529957;J7Y4Z8
530004;J5K2L5
530048;J0R1K0
530059;J7Y4J3
530114;J7Y4R7
530127;J5K1W5
530150;J8C1E5
530217;J7N1M3
530269;J5K2W2
530278;J7Z3B2
530293;J8A0H1
530369;J7Y4J2
530379;J7Z6S9
530420;J7Z3N9
530443;J5L2L7
530444;J5L2L7
530515;J0R1T0
530532;J5L1G4
530541;J7Y1X8
530595;NULL
530624;K6A1S4
530627;J0T1J0
530641;J0P1L0
530648;J0W1R0
530649;J5L1E5
530680;J7Z1N7
530683;J7N1C8
530694;NULL
530711;J8M3C5
530713;J8A1Z2
530754;J6Z3S5
530768;J0V1J0
530803;J8A1R2
530826;J0N1H0
530851;J0V1J0
530881;J5L1T5
530910;J7N0M1
530915;J0R1T0
530918;J8H3K7
530927;J7Z4K5
530932;NULL
530958;J7N1X1
531062;J7Y2S5
531076;J0R1T0
531104;J7C0G4
531116;J0R1B0
531126;J7Z4R4
531134;J7J2E9
531174;J0K2T0
531180;J7Z4Z4
531198;J5H0S1
531204;J7Y4S5
531303;J0T2J0
531312;J7Z6S1
531319;NULL
531334;J8B2R4
531357;J5K1W4
531377;NULL
531386;NULL
531460;J7Y3K2
531461;J7Y3K2
531563;J7Z5X1
531574;J0R1T0
531617;J0K2T0
531621;H7K1Z6
531750;NULL
531783;J7Z6S2
531786;J7Y3K2
531822;J7Y1B1
531823;J7Y1T8
531829;J7N0A1
531864;J0N1H0
531892;J7Z2J7
531909;J5L2M6
531913;NULL
531923;J7Y1K2
531935;J7Z6Y9
531959;J7Y4G4
531981;J7Y3B2
532016;J8G2W9
532059;J5L1G4
532117;J0R1T0
532133;NULL
532202;J7Y4M4
532235;J7Y4H7
532311;J5L2S7
532327;J7Z5L5
532346;J7N1N7
532412;NULL
532438;J7N3J9
532440;NULL
532488;J8A1H8
532512;NULL
532522;J5M0J9
532529;NULL
532537;J6E2E9
532577;NULL
532591;J5L2A5
532646;NULL
532765;NULL
532773;J7Y2A8
532852;J7Y4T5
532900;J0K1Z0
532916;J5L1S8
532923;NULL
532945;J5L1H2
532947;NULL
532957;J7Y4J8
532958;J8H3W9
532977;J8A1H8
532988;J7Y3W6
532999;J5K1H4
533008;J0R1T0
533016;J8A1W8
533035;NULL
533076;NULL
533096;J7Z4J7
533156;NULL
533157;NULL
533172;NULL
533225;NULL
533230;NULL
533281;NULL
533282;NULL
533299;J7N0J7
533306;J5L0G3
533317;J7J1J1
533358;J5L2T2
533375;J7Z6P4
533439;NULL
533451;J7YOP7
533452;J7Y0P7
533462;J1Y0H9
533464;J5L1P5
533488;J8A0C1
533554;J5J1A5
533563;J7Y5B3
533599;J7Z0A1
533622;J7Y4W3
533769;J7Y3L7
533832;J5G1A5
533835;J0R1R3
533856;NULL
533859;J0R1B0
533873;J7Y0N4
533876;J7Z0A1
533893;NULL
533940;J7Z2J7
533989;J5K2B9
534016;J7Z5X9
534032;J8B2B5
534044;NULL
534045;J5L2J4
534071;J5J1C4
534113;J5L0K4
534145;J8A1L9
534190;J5K2C8
534191;J9L2C5
534193;J7Y3L7
534201;J8B1W3
534205;NULL
534222;J7N3C4
534226;J5L1T5
534313;J7Z5X1
534322;NULL
534323;NULL
534342;J0R1A0
534435;NULL
534463;J7Z5Y8
534468;J7Z0A4
534507;J5L0K4
534523;J7Y4P9
534534;J0T1T0
534592;J7Y0C1
534619;J7Y4V8
534655;J5L2J2
534672;J5J0E3
534673;J5J0E3
534737;J7Y4S6
534784;NULL
534786;J7Y4N9
534863;NULL
534872;J7Y0C7
534943;NULL
534949;J7Z4E6
534958;J5L1S5
535001;J5K2J1
535021;J0W1C0
535030;J7K0M4
535067;NULL
535075;J5L1X5
535114;J7Y2X9
535120;J8A2E4
535139;J8B1T2
535226;NULL
535340;J5L1N8
535344;J5L0C4
535346;J8A1V6
535350;NULL
535381;NULL
535389;NULL
535429;J0W1K0
535503;NULL
535516;J7Z0G1
535608;J7Y5C1
535720;J7Z0E3
535738;J5K1G3
535771;J7Z1G5
535786;NULL
535793;J0R1R2
535796;NULL
535799;NULL
536042;J8B1J2
536060;NULL
536085;J8A1X8
536103;J7Y1W6
536110;NULL
536232;J5K0C6
536233;J5K0C6
536345;J7Z4K8
536378;NULL
536384;J8H3W8
536394;J7Z3L2
536409;0
536496;J5K1E5
536643;J8C0B8
536647;NULL
536720;NULL
536732;NULL
536778;J7Y1K1
536823;J5K0H2
536828;J5J1E5
536859;NULL
536895;J5J2P1
536901;J0R1T0
536904;J7Z2L4
536920;J8A3C2
536929;NULL
536947;J5L2M7
536949;J7Y1W6
537005;J5L1Z6
537008;J7Z5L6
537015;J0K1Z0
537031;J7Z5B2
537123;J7Y1Z6
537124;NULL
537143;J5K1W4
537147;J5L1C7
537168;J5K1M8
537174;J5K1C7
537191;J7Z7N1
537200;J0V1X0
537269;NULL
537341;J5L1Z8
537392;J7Z3B1
537438;J5J1G1
537439;NULL
537453;J5K1V7
537508;J6X4T4
537585;J0K2L0
537592;J5J2W5
537633;J0K2T0
537635;J7Y4S6
537666;J7Z3J2
537678;J7Z5B1
537697;J7Y4T3
537707;J0K1Z0
537744;J5J0H3
537779;J0K1Z0
537791;J8H1X6
537812;J0R1B0
537814;J0R1B0
537823;J7Y2E3
537969;NULL
537970;NULL
538000;J7Z6G6
538080;J8A1W8
538086;J0K2T0
538100;J0K1Z0
538172;J7N0G3
538192;J7Y4M4
538228;J5L2B1
538236;J5K2N9
538294;J9B1A6
538295;J7Z2L4
538385;J5L0B3
538405;J7Y2V4
538408;J5K1G6
538440;J7Z5B7
538454;J5K1C3
538468;J5K1V8
538484;J7Z6Y1
538489;J0W1S0
538496;J0R1R4
538533;J7Y5J6
538566;G0G1J0
538638;J6E3V8
538717;J8A2C8
538719;J8A2C8
538734;NULL
538748;J7Y2V5
538749;J7Y2V5
538785;J7Y4R3
538805;NULL
538840;J5L2K9
538841;J5L2K9
538852;NULL
538859;NULL
538863;NULL
538871;J9L3G6
538872;J9L3G6
538949;J5L0M6
539061;NULL
539126;NULL
539244;NULL
539424;J0V1X0
539465;J7Y4Y4
539478;J7Y1Y5
539489;J0K1P0
539492;J7Y3V8
539562;J7Y2A8
539667;NULL
539673;J7Z3N9
539749;J7N1N6
539791;J7Z5N2
539831;J5L1H9
539842;J7Z2G7
539892;J0R1K0
539931;J0T1B0
539942;J5L1T8
539983;J0R1B0
539993;J7Y4W7
540077;J0R1R3
540078;J5L1R3
540085;NULL
540108;J7Z2A2
540109;J7Z2A2
540152;J5L0N2
540153;NULL
540160;NULL
540207;J0T1E0
540246;J7Y2T7
540262;NULL
540271;J8B1L3
540277;J7J1H4
540318;J7Z7J6
540376;J5L1A5
540385;J9L1K5
540400;NULL
540417;J7Y5H9
540494;J8H0T4
540553;NULL
540558;NULL
540581;NULL
540628;NULL
540701;J5L2M7
540727;J0T1G0
540750;J0K3K0
540754;J)K3K0
540762;NULL
540818;J0W1R0
540835;J7J2R8
540842;J7Y0B6
540885;J7Z1J9
540935;J8H2S9
540944;J8A3K9
540947;J8A3K9
541050;J7Y5K5
541058;J9L0P1
541100;J7Y3W6
541104;J5M0G6
541159;J5L0K4
541173;J0K2R0
541174;J0K2R0
541218;J7Z6W5
541236;NULL
541247;J7Z7L3
541306;J7Y0H9
541384;NULL
541414;J5J2L8
541445;NULL
541530;J7N1R2
541593;J7N0S2
541615;J0R1T0
541617;J0K1R2
541628;J5J2H7
541635;NULL
541680;J5L0J9
541780;J5K0A3
541805;J7Y5K1
541818;J5M2L6
541926;J5M1P1
541927;J0K3K0
541962;J0K2B0
541973;J5J1Y8
542009;J0V1X2
542057;NULL
542088;J7Y5E3
542091;J7Z7J4
542113;J0R1A0
542132;J5L2P7
542147;J6Z2W9
542187;NULL
542271;J5L0E6
542286;J8A3S5
542290;J5L2M6
542336;NULL
542368;J7C1Z5
542383;J7Y2M2
542415;J7Z6S7
542436;J7Y2X3
542474;NULL
542548;NULL
542571;J7C0P3
542589;J7Y2C6
542619;J8B0A5
542634;J0K1Z0
542640;J7Y5J1
542707;J5J0R1
542721;J8A3A8
542734;NULL
542740;NULL
542850;J7Z5R4
542888;J7Y0B9
542895;J0T1T0
542928;J7N3T3
543015;NULL
543040;NULL
543058;J8B)K8
543062;NULL
543064;J0W1J0
543100;J5L2R9
543104;J0K2T0
543139;NULL
543228;J7Y0N5
543230;J6E1B8
543235;J8A0H9
543250;J0R1K0
543252;J5M0C6
543273;J7Y2E1
543309;J7Z3H1
543344;J7Z1M6
543348;J7Y0B8
543374;J7Z5C3
543421;J7Z1Y2
543455;J7N1T4
543475;J5L2K9
543476;J5L2K9
543505;J7Y2V4
543544;J7N3K3
543558;NULL
543638;J7Z3A9
543639;H7J1A6
543644;NULL
543659;J6L0J9
543678;NULL
543720;NULL
543722;J7Z4L2
543768;J9X1V3
543780;NULL
543785;J5K1R1
543794;J7Y3K8
543816;J7Y5B8
543847;J5M2Z6
543860;NULL
543877;J0R1R2
543891;J7J0G5
543896;J7Z4X
543902;J7Y5K6
543942;J7Y1G2
543978;J0T1R6
543990;J7Y5H5
544004;H1L2P7
544051;J8A3B3
544103;J0R1H0
544109;J7K3W5
544128;J5L2K9
544137;J0N1H0
544142;J7Z3B6
544147;J7Y0P4
544219;J8B2Y2
544242;NULL
544278;J7Y2C6
544294;J7Z4X7
544313;J5T1G7
544379;J7J2G8
544397;J5L2L7
544473;J5J2R2
544478;J7Y2V2
544487;J8A1T8
544488;J7Z2M2
544652;J5L0N2
544674;NULL
544730;J5L1P5
544760;J7Y3V8
544811;J7Y2C4
544821;J7Z4W2
544824;J5K0M1
544833;J7Y2P5
544858;J5M0C3
544879;J7Y0R4
544906;J7Y4K6
544931;J7Y4N4
544943;J8C0J1
544957;J0V1X0
545030;NULL
545056;J0T1J1
545109;J5N0N8
545159;J0T2N0
545198;J7Y3T1
545212;NULL
545231;J7M1X5
545249;J7Z2A4
545297;J7J2B8
545309;J7Z0L2
545372;NULL
545373;NULL
545386;J5M2R1
545394;J8Z5L9
545399;J5K1M8
545414;J7Y0A2
545418;J5J1T5
545495;J5L2M5
545521;J7Y4V6
545553;J5J2C9
545577;J7Y0B4
545580;J7Z3T5
545604;J0R1B0
545719;J7Z4V1
545776;J0R1B0
545796;J8C3V1
545829;J7Z4J5
545840;J2B0B2
545905;J5K1K2
545910;NULL
545919;J7Y1V6
546006;J5K2S2
546017;J7Z6Y1
546027;J7Y0C3
546031;J7Z1C4
546095;J7J1W1
546097;H7L0A8
546140;NULL
546159;J7Y4X3
546161;NULL
546220;J5K0H2
546271;J5K0H2
546320;J0K1S0
546431;J8B1N5
546462;NULL
546465;J7Y2W7
546497;J7J1L9
546563;J0R1B0
546589;J5K1B7
546594;J5J2J8
546599;J7Y2L3
549925;J5M0S8
555465;J7Z1G6
555491;J7Z1A5
555502;J7N0X9
555617;NULL
555647;J7Z0A8
555693;J0R1H0
555695;J0R1H0
555698;J7Y3H6
555826;J5K17
555837;J8H1S6
555838;J7Z5B2
555874;NULL
555896;J7Z5B6
555918;J0R1T0
555919;J7Y4L9
555960;J5L2K6
555982;J7Z5X9
555996;J7N2M2
556011;J7Y3B3
556030;NULL
556038;J7Y3B3
556046;J5J2T3
556076;NULL
556138;J7Y4V7
556144;J7Z4P6
556178;J7J0R3
556198;J7Z7H8
556234;J5L2G4
556239;J7Z1S4
556266;J8C3P1
556277;J0K1Z0
556278;J0K1Z0
556331;J5M2Z9
556374;J0T2R0
559308;J5M2K5
559338;J7Y5L6
559340;J7Y3Y5
559360;J7Z1E6
559384;J7Y3X3
559480;J7Z1T1
559482;J7Y5J9
559549;J7E4Y3
559551;J7Z4Y2
559594;J9L3G3
559614;J5L2K8
559616;J0T1L0
559687;J8A1A6
559750;J5J1N6
559760;J7N3B3
559821;J0T2E0
559838;J5K2A1
559949;J7Z0A6
559976;J7Y4V2
560151;J5J0E9
560205;J7Z3J2
560208;J7Y4P2
560307;J5L1H2
560342;J3Z375
560431;J7Y2Y9
562637;J5J0N7
565672;J0R1T0
566144;J6K2T1
566344;J6R2K9
566407;NULL
566418;J7Y3V7
566425;J7Y3V8
566482;J8B1Z5
566552;J7Z0X3
566554;J5L1H2
566563;J5L2P7
566575;J8B0A5
566580;J7Y4X6
566619;NULL
566638;NULL
566655;J7N1P9
566673;J0R1T0
566686;J8E3H9
566693;J7Z5C3
566695;NULL
566696;J0R1R2
566730;J7Z3W7
566744;NULL
566761;J5Y1K3
566837;NULL
566870;NULL
566871;J7Y3T9
566872;J7Y3T9
566898;NULL
566913;J0R1R2
567023;J5M2R1
567032;J7Y1Y6
567034;J5J2S3
567036;J7J1T7
567063;J0R1R4
567098;NULL
567104;J7Z0G7
567125;J5J2M6
567152;J5L0M9
567295;J7T0A5
567300;J7Z0G3
567312;J7Z2L5
567353;J7Z0A6
567362;J7J1C7
567386;J7z5s6
567420;J0R1B0
567464;J0N1H0
567470;J0T1L0
567502;J5J1L2
567523;J7Y4Y4
567588;J0R1H0
567619;J7Z6V2
567622;j7z6t6
567623;J7Y0H3
567625;J7Y3M3
567637;J5J0P8
567657;J5K0J7
567667;J5K2M6
567680;J8B2J4
567682;J8B2J4
567692;J5J0K8
567701;J5L1N7
567704;J0T1L0
567718;J7Z1Y3
567737;NULL
567755;J7Y0H4
567758;j7y0h3
567785;J%J2S5
567786;J5J2S6
567892;J0T1J1
567941;J5L2S2
567952;j7n0w4
567970;J7Z4Y2
567975;J5L1G2
567977;NULL
567989;J7C0J4
567993;J5L1S8
568054;NULL
568079;H7G3J9
568170;J7Y4J3
568337;J0J2T0
568352;J7Y3P6
568401;J5J2C7
568417;J7J0V2
568424;J744X3
568438;J7Z5L5
568465;J7N0C9
568476;NULL
568504;J7Y1K3
568512;J6r2n1
568522;H7W2M1
568586;J7n0w5
568622;NULL
568647;J0R1R2
568653;NULL
568678;J7Y2Z9
568685;J7Z7H2
568720;J7Z5J1
568757;J5K0H2
568782;J8E0W8
568810;J7J2R8
568817;J6E7Y8
568858;j7y0h3
568867;J7Z1R5
568868;J7Z5L5
568869;J7Z1R5
568907;J7Z5B7
568925;J0R1R7
569047;J7Z4K4
569054;J5J2P5
569066;J5L0M4
569124;J7Z1V2
569145;J0R1T0
569151;J0R1K0
569209;NULL
569266;J7Z6W5
569289;J7Y1W6
569321;J0R1R2
569326;J7Z0A2
569333;NULL
569339;NULL
569357;J7Y4G3
569369;NULL
569394;J0K1C0
569397;J5K1E7
569403;NULL
569405;J0K2T0
580951;J7Y2N3
580952;NULL
580963;J7Z1L5
580977;J7C4Z6
581025;J7Y2W6
581027;J5J0H8
581031;J7Y2W1
581064;J7Y2W7
581073;J5L2J7
581099;J5L2B8
581183;J5L1S1
581190;J5L0H9
581238;J5L2S8
581253;J7Z0G5
581268;J7Y3W2
581296;J7Y0C3
581318;J7Y3R9
581360;J7Z7C4
581378;J7Y0P5
581461;J0R1T0
581502;J5K2B7
581513;J0T1Y0
581538;J0K2T0
581555;J0R1B0
581613;J7z0e1
581665;NULL
581668;J5K2L5
581699;J5K2S2
581746;J7E2Z6
581749;J8A2E8
581783;NULL
581798;J0Y1Z0
581857;J8B2H5
581859;J7Y0P8
581882;J7Z7H7
581922;J0N1H0
581939;J7Z5X1
581956;J5L1G3
581983;J8B1M7
582013;J0K2M0
582014;J0R1B0
582015;J0R1B0
582017;NULL
582020;NULL
582047;J8H3V4
582063;J7Y3Y5
582077;J5K1R1
582569;J7Z0C2
590486;J5L1T8
593265;J5L0C5
593267;J5L0C5
593268;J7Y3B1
593339;J7Z2R2
593361;J5J0H7
593397;NULL
593417;J0R1H0
593453;J5N1Z7
593504;J7Z7L4
593664;J7Z5X7
593672;J5K2B7
593702;J7Y3N7
593721;J7Z0E1
593872;J7Y3C6
593894;J7Y5K6
593898;J5K1L7
593907;J0T1E0
593953;J0K2T0
593997;J5L1V4
594003;NULL
594004;J5L2L2
594024;J5L2S7
594030;J5J1V8
594117;J0K2E0
594133;J8V1P6
594180;J8H1M9
594182;J5L1Z7
594199;J0T1Y0
594202;J5K1R1
594203;J5L1Z7
594204;J5L1Z7
594205;J5L1Z7
594221;J0R1T0
594253;J7Y1Z7
594255;J7Z2T2
594267;J5L1K7
594275;J7Z5R7
594295;J0T1S0
594301;J7Z4Y2
594323;J7Y2X7
594326;J7J2J8
594337;J7Z1A9
594398;J7Z7M5
594412;J7N3P1
594505;J0R1B0
594520;J7Y1B9
594524;J7J1H4
594675;J7Z1J6
594687;J7Y2Y6
594695;NULL
594718;J7Y0P4
594733;J7Z7L8
594746;J7Y1G3
594755;J5J1K9
594769;J5L1W6
594780;NULL
594782;NULL
594817;J7Z2A4
594856;J7Y0M7
594866;J5L1T4
594918;J7Z0G5
594953;J5J2J7
595028;J5J2V1
595044;J7Y4J6
595137;J7Y2V7
595194;J7y1t8
595195;J8G2Y3
595240;J7M1R5
595286;J8B1L1
595294;J5L2H8
595317;H7X3R6
596672;J7N0C2
598025;J7Y5J8
598098;H7X1E9
598114;H7X3J1
599082;J0W1C0
599094;J0R1B0
599104;J5K1T9
599110;J5L1V4
599134;J8H4C5
599144;J5K2B9
599145;J5J0H2
599147;NULL
599188;J7Y4H1
599228;J8B1V8
599237;J7J1P4
599266;J5K2A5
599274;J7Z8P5
599282;J5J2T4
599293;J9L2G2
599337;J7Y2W7
599391;J0R1Y0
599405;J7Z0A9
599426;J5K0C7
599448;J0T1L0
599468;NULL
599523;J0K1Z0
599562;J7Z5C3
599565;J7N0Y8
599614;J0R1B0
599623;J0T2N0
599627;J8B2G4
599636;J4T1K8
599654;J7N3H1
599687;J8G0H3
599752;J7z6r4
599789;NULL
599814;J7Z5Y2
599816;J7Z5Y2
599837;NULL
599850;J7J0G4
599869;J7Z2P3
599877;J7Z1E6
599939;J7J2S9
600028;J6E0J2
600120;J0T2N0
600147;J7Z6T3
600183;NULL
600215;J8H0L4
600289;J5L2R9
600306;J7Y1X2
600365;J7Z7G1
600452;J0T2C0
600463;J0K1Z0
600493;J5J2J8
600576;JOR1R1
600577;J8H0K3
600611;J7Y0N5
600613;J7Y0N5
600617;J7Z0C2
600641;NULL
600775;NULL
600844;J0K1S0
600949;J7J1H1
601021;J5J1C4
601049;J7Z7K5
601084;J8H3W7
601085;J7J2K1
601112;J7Y4N4
601159;J8A1X8
601168;J7N1P8
601189;J5M2P6
601195;J5L0C4
601204;NULL
601212;J0R1K0
601290;J5K1G5
601292;J5J0L3
601296;J7N1T4
601396;J5L1L8
601400;J7Y5E5
601448;H7R2A2
601487;J5K2E4
601506;J7N0W4
601507;J7J1M5
601548;J7Y3Y5
601573;J7N1K6
601690;NULL
601691;J5L0K4
601717;J8A3E4
601727;NULL
601734;J8A0A2
601741;J7Z7C9
601821;J5L0A4
601829;J0R1T0
601834;J5N2M9
601898;J7Y5B4
601912;J5L2L2
601973;J7N1S4
601998;J8b2k1
602020;G0T1P0
602041;J8A3A4
602049;J5M0G3
602052;J8B2R4
602107;J7S2K9
602228;J7Y1Z6
602233;H7N3W7
602238;J7Z4Y9
602239;J7Y3H7
608734;J9B1A5
608752;J7Z1H8
608770;NULL
608788;J5L2R6
608838;J5M0G3
608871;NULL
608880;J8B1B6
608886;J0K2R0
608887;J0K2R0
608923;J7C5A4
608960;NULL
608962;J7Y2W3
608996;J7Z5S8
609018;J7Z0G7
609060;NULL
609115;G6G7V1
609131;J0R1T0
609163;J5J1L4
609236;J7E5L5
609256;NULL
609277;J5L1W9
609278;J5L1W9
609280;NULL
609281;NULL
609287;H2S2J6
609309;NULL
609320;J7Y2Z9
609327;J0V1L0
609355;J5M1W7
609396;J7Z5N9
609434;J5L1G3
609449;J5J1C3
609462;J7Z6B4
609472;J5J2W5
609483;J8B1Y3
609541;J5L0A4
609556;NULL
609575;J8A1C8
609670;J6Y2L8
609689;NULL
609783;J7Y3A6
609824;J8A0C8
609917;J5K1G7
609921;J7Y5E7
609965;J7Z2M3
610001;J0K2T0
610002;J0K2T0
610012;J0V1B0
610054;J7Z4V1
610078;J0K3K0
610097;J7Y0A5
610101;J0V1K0
610125;J7N3S5
610132;J0V1K0
610152;J7Z3B1
610161;J8H2S1
610209;J0B1E0
610253;NULL
610288;J7Y2V4
610322;J7N0C2
610433;J7N3S5
610436;J5L1A3
610583;J7Y3W6
610586;J7N1A5
610648;NULL
610659;J5L1V4
610717;J7Y4M9
610743;J7Z0A4
610758;NULL
610772;J7N0L6
610777;J0R1H0
610850;NULL
610872;J7Z4H1
610883;J5L1G8
610900;NULL
610948;J0T1T0
610980;G0R1H0
611015;H4K1P9
611041;J7Z5G6
611052;J7N3S1
611077;J7Y1X2
611085;J0R1H0
611101;J7Y1Z8
611126;J5L0M5
611137;J7Z3B2
611208;J5J2J9
611253;J7Z3V4
611274;J7N1N2
611276;J7Y2Y6
611306;NULL
611377;J7Z4V2
611456;J0K2T0
611475;G0J1K0
611483;J7Z6S6
611509;J8G1X4
611518;J7Z1R5
611529;J5J1N9
611634;J7J5K6
611728;J5K2W1
611735;J7Y0M6
611776;J5J2T2
611808;H1V3E9
611810;J7j4v7
611827;J0T2R0
611883;J5L2G1
611889;J0T1T0
611912;NULL
611915;J5J0N1
611936;J7G2Y4
611941;J5K1G7
611949;J7N1N8
611993;J7C1T6
611994;J7H1B5
612040;J0T1Y0
612074;J7Z5P4
612075;J7Z5R4
612077;J7Z5R4
612083;J5L1G3
612173;J8H3k2
612174;J7C0Y9
612180;J6Z4A2
612190;J7Y5J6
612252;J5L2A3
612259;J5L0N2
612289;J8G1W5
612292;J5K0K6
612354;J7N0W3
612359;J5L0A3
612367;J5j0p4
612466;J7E2P8
612512;J7Y3K3
612534;J0T1G2
612539;J0K1Z0
612540;J5L0E7
612559;J7Y0B4
612593;NULL
612693;J5J1K3
612756;J7Y3C2
612765;J7Z2N3
612839;NULL
612891;J7N1K2
612919;NULL
612927;J7Z1M6
612991;J7Y4G6
613020;J5L1T2
613065;NULL
613082;J8H0N9
613130;J7Z5H1
613222;J7Z3B2
613231;J8H4N4
613257;J7Z2K1
613281;J0T2P0
613304;J7Z4V1
613315;J7Y3R0
613317;J7Y0R3
613341;J7N0e8
613373;J5J0E3
613378;J5L0K4
613408;J7Z2X2
613414;J5J1N6
613426;J8A2A6
613448;J7Y0B9
613488;NULL
613565;J7Y3K5
613575;J5L0C4
613607;J7Y2W6
613684;J7Y0K2
613719;J7J2E9
613741;J7Y3W6
613770;J7Y2V4
613789;J8G2L3
613883;J7J1l7
613969;J7Y3Z7
614027;J0R1T0
614036;J7Y0A2
614037;J7Y3Y5
614096;J8H2W1
614111;J7Y1Y9
614188;J0T2C0
614236;J7Z1R9
614239;J7Y2V1
614271;J0N1P0
614284;j7J0S3
614309;J7Y2X9
614349;J5L0E7
614474;J7Z0G6
614485;J7Y4S6
614486;J7Y4S6
614506;J7Y4S6
614508;J7Y4S6
614523;J0V1X0
614535;J0R1T0
614548;J5M2B3
614570;J8E2M8
614580;G0R1R4
614610;JOT1G2
614611;J0R1T0
614656;NULL
614699;J5L1T1
614735;J7Z3S7
614878;J5K1E5
614882;J7N3E4
614898;J7Z0H2
614948;J7Y4X6
614957;J7Y0K3
615049;H7X2C8
615059;J5J0P6
615063;J5J2L8
615076;J5N2R4
615089;J7Z3P1
615090;J7Z3T5
615096;J5L0B4
615115;J7N1N6
615119;J5L1W9
615238;J0R1T0
615296;J7Z3W3
615372;j8b1j3
615380;J7Y0A4
615442;J7Z0K1
615468;J0T2E0
615476;J0T1N0
615510;J7Z2N6
615518;J7Z5X9
615523;J7Z3W3
615664;J7Y2V5
615691;J7Y
615705;J7Y4K4
615737;J5N0B5
615763;J5M2Z2
615765;J5M2Z2
615785;J7Y0K8
615791;H7T1N2
615810;J7Y4P4
615838;J7N3C2
615857;j7Z4B2
615882;NULL
615911;J7Y2Y4
615946;J7Y2E3
615966;J7N3G6
616050;NULL
616059;J7Y1X1
616170;J7Y4K3
616182;J7Z0H5
616183;J0A1E0
616192;J0R1R4
616200;J7N3L9
616217;J7Y4Z4
616403;J7Y2H2
616433;NULL
616492;J7J0M4
616497;J8B2K1
616523;J8A2N3
616529;J0R1T0
616550;J5K1C3
616559;J5L0N2
616581;J7Z5X1
616588;J7Z4X1
616677;J8B1R1
616701;J8Y2H5
616715;J8B1B4
616823;J7J1H7
621309;J7Y0C
623398;J5M2B7
623420;J5M0T7
623488;J7Y5B3
623495;NULL
623566;J0R1A0
623645;J5X3L6
623652;J0K1Z0
623701;J0R1B0
623702;J0R1B0
623714;J0R1R7
623723;J0R1R1
623756;NULL
623808;J0T2B0
623813;J7Y0M4
623832;J5L0C1
623886;J5L2M7
623904;J0T1L0
623917;J7Y0B9
623935;J7Y4X8
623953;J0K1Z0
623984;NULL
624005;J7N0L5
624115;J8C2S3
624120;J7Z5K4
624168;J5K1C7
624174;J7J1M1
624181;J7Z0B3
624202;J5M3A1
624263;NULL
624269;J5L0J4
624304;J5L1X6
624309;J0R1T0
624378;J0R1R1
624414;J7Z4V2
624416;NULL
624428;NULL
624432;J5L1H2
624449;J7N1S4
624510;J7Z4T5
624585;J7Z6A7
624593;J7Z5L5
624606;NULL
624646;J5L1Y4
624734;J7Z7H5
624742;J7Y4X6
624751;J7J1A7
624753;NULL
624756;J7Y5C1
624807;NULL
624808;NULL
624822;J5L2C8
624904;J0T1L0
624907;J7N0W2
624913;J5L2L6
624931;J5L2L6
624932;J5L2L6
624956;J7G1Y4
625024;J5L2K6
625031;J5M2W9
625033;J5M2W9
625050;J7Z1E9
625077;J8B1S5
625142;J7Y4T2
625156;J8E2J2
625191;J5L0K4
625240;J7Z4P6
625242;J5L1N7
625283;J5J0L1
625293;NULL
625330;J7Y4K4
625347;NULL
625355;NULL
625394;J7Z0J6
625395;J7Z2S4
625411;J0R1T0
625461;J5L2J2
625476;J7Z1N2
625486;J7Y3X1
625498;J8B0E6
625544;J0T1G0
625593;J7Y0P7
625629;J5L0H3
625634;J5K0C8
625703;NULL
625729;J5K2A1
625870;J7Y3L5
625872;J7Y3S8
625880;J5K2C7
625948;J5K1H8
625963;J8A1C4
625965;J5M0C3
626001;NULL
626011;J8H4P4
626078;J5L1E2
626122;J7Z4G3
626171;
626246;NULL
626249;J7Z7B2
626260;NULL
626292;J5M2Y2
626372;J8A0L5
626414;J7Z6A9
626423;J5M2N9
626441;J0R1R6
626472;J7Y1Z6
626521;NULL
626527;J7N0N9
626535;NULL
626578;J7Y0E4
626621;J7Y0H4
626622;J7Y0H4
626633;J8A1R3
626671;J7Y2K8
626730;J6Z2W9
626896;J7Y2N3
626912;J7Y1V6
626931;NULL
626945;J7Y0P7
627013;J5M0G4
627108;J0T1T0
627110;J5M1E3
627114;J5L2R9
627127;J0K2T0
627194;J7Z0E1
627195;J7Z0E1
627280;J7Z2B9
627289;J726X7
627294;NULL
627308;J7Y2V1
627313;J8G2N4
627330;J5L2C2
627337;J7Z0A3
627377;J8G2E7
627489;J7Y2A7
627491;J7Z5X2
627505;J7N0W2
627588;J7Y1K1
627592;J0T2N0
627621;J0K1Z0
627628;J7Z5R1
627733;J0K2N0
627758;J0K1Z0
627964;J7Y1A3
627970;NULL
628059;J7Z0L3
628087;NULL
628098;J0R1B0
628123;NULL
628125;J5X0C1
628137;J7J0C9
628140;J9Y1E4
628199;J5L2K9
628261;J7Y5A7
628270;J0R1T0
628364;NULL
628375;J7Y1M4
628469;J5K2J5
628475;J0N1H0
628523;J0N1HO
628545;J7Y4V9
628582;J0V1K0
628587;J5M0X7
628594;J7Z1A8
628659;J7Y0B9
628693;J5L2E4
628709;J7J0E3
628738;J7Y3T3
628741;J8E3K1
628801;J7Z3P8
628821;J7N3E4
628892;J5L0C4
628899;J5J2L8
628948;G4W1B5
628982;J7Y2R3
629021;J5J2Y5
629039;J7Z1Y1
629055;J7Z0J9
629076;NULL
629135;J8A2R7
629173;J0R1T0
629177;J7N3S3
629181;J0T2N0
629286;J0V1X0
631087;J6Y0L5
631096;NULL
631107;J7Z6T4
631108;J7Z6T4
631148;J7Z3E2
631198;NULL
631209;J5L0A6
631210;J5L0A6
631213;J7N3K7
631219;J8G2E7
631264;J7Y0R3
631322;J0T1H0
631366;J5K2W2
631394;NULL
631398;J7Z2K1
631400;NULL
631418;J7C0Y5
631449;J7N3E6
631532;J8A2Y6
631548;J7Y4K3
631549;J7Y4K3
631575;J7V2C1
631662;J0V1B0
631663;J8C1V3
631708;J8A1M9
631759;J5L2E7
631762;NULL
631774;J)T1A0
631784;J7Y2M4
631790;J0K2R0
631815;J7Z6V7
631857;J8H4N1
631886;J0K1K0
631995;J6J2N8
632002;J0J1N3
632011;J7Z2C9
632037;J0K1Z0
632039;J0T2N0
632103;J7Z3R7
632141;J7Y3B1
632222;J7Y0P9
632224;J5N0R5
632245;J7Y0R4
632258;J5K2B4
632355;J5N0N7
632377;J5S1E5
632441;J7Z3N8
632448;J5L1W4
632510;J7Y4H8
632532;J8H0N9
632603;J5K0K5
632642;J8G1M9
632649;NULL
632662;J5L1S1
632701;J5L0A4
632702;J5L0A4
632703;J5L0A4
632813;J7Y4M3
632817;NULL
632878;J7Z0J6
632928;J7Z6B3
632933;J5L1J4
632957;J5L2L7
632995;NULL
633002;NULL
633015;J0R1A0
633021;J7Y0H4
633023;J0T2B0
633061;J7Y2T7
633071;J5J2Y5
633072;J5J2Y5
633160;J7Z4P8
633188;J0K1Z0
633198;J5L2S1
633215;J5L1K9
633254;J8G1M7
633277;J5L2E7
633319;J7Y2B4
633342;J7Y0H7
633343;J8H0K1
633401;J7Y4H8
633406;J8A1S8
633422;NULL
633432;NULL
633523;NULL
633528;J5L2L2
633546;J7Z0G5
633594;J7Y4Z6
633626;J5L2M5
633642;J7Z1C7
633706;J8G2X1
633738;J8H1X4
633766;J7Z0A4
639307;J6E8Y1
639340;J7N3V9
639355;J0R1T0
639376;J7Z2V1
639384;J7Y4K1
639440;J7Y4P6
639443;J5M0X3
639635;J7Z2T4
639670;J6E8Y4
639824;J)R1K0
639881;J7Y4H8
639901;J7Z6S4
639966;J5N1P2
640005;NULL
640045;NULL
640100;J5J2T4
640158;NULL
640184;J7Z4H7
640263;NULL
640292;J0K2A0
640354;J7Z5L5
640356;NULL
640357;J7Z5L5
640358;NULL
640359;J0R1R6
640418;J7Z0J5
640426;J7J1P1
640435;J7Y2C1
640444;J7Z5L9
640540;NULL
640542;J7N1K6
640551;J5J2B4
640641;J7Z1L5
640707;J7Y2L9
640723;J8H3W7
640826;J7Z5X9
640841;J5J1R1
641031;J0R1H0
641059;J9P0B9
641121;NULL
641137;NULL
641228;J7Y2X2
641235;J7N1J5
641240;J7E5M2
641248;J5J2Y8
641249;J5J2Y8
641250;J7N0T8
641256;J5J2Y5
641282;NULL
641406;J7Y0P8
641408;J0V1K0
641477;J5L1S2
641550;J5L1R7
641604;J0R1A0
641619;J7Z7L8
641622;J7Z7L8
641636;J6W3J4
641665;NULL
641690;J0K2K)
641692;NULL
641702;J7Z6A2
641717;J5M2X3
641812;J8H0S2
641816;J8H0S2
641817;J8H0S2
641818;J8H0S2
641819;J8H0S2
641820;J8H0S2
641833;J5K1W6
641835;J5K1W6
641836;J5K1W6
641839;J0T2C0
641848;NULL
641856;J0T2C0
641902;NULL
641910;J7Z1B3
641953;NULL
641966;J7Y4X5
642022;J7Y1W7
642025;J0R1H0
642200;J7N0N5
642204;NULL
642285;J7Z0K8
642286;J7Z0K8
642295;J0R1K0
642362;J5L2S8
642375;J7Y4K2
642466;J7J1G6
642517;J8G2V9
642543;J7Z5C5
642548;J7Y1G1
642563;J7Z5K2
642567;NULL
642576;J7Z6A2
642577;J7Z6A2
642659;J7N0Z8
642668;NULL
642791;J7Y5A3
642833;J0R1R0
642944;J7Y1L7
642970;J7N3R3
643106;J5K2E5
643150;J7C3T2
643174;J7N0E2
643211;J7J2H2
643253;J5L2S7
643320;J7Y5H6
643323;NULL
643349;J7J0P8
643354;NULL
643437;J0K1Z0
643458;NULL
643475;J)R1R1
643486;J5K1W4
643493;NULL
643501;J5K1W6
643538;J8A1A7
643547;J0T1H0
643567;J7Z4T5
643584;J5L0A7
643651;J5L1S3
643712;NULL
643855;G4W1B5
643858;NULL
643861;J5K1W6
643867;J5L1Z6
643961;J5K1W9
643986;J0R1T0
643988;J5J2L7
644039;J5K1A2
644052;NULL
644053;J8H1P8
644054;J8H1P8
644156;NULL
644216;J0K1S0
644253;J7N0E2
644435;J7Z7N3
644491;NULL
644549;J7J2H2
644551;J7J2H2
644578;J7Y3A2
644649;NULL
644650;NULL
644670;J7Z0E1
644794;J7M2B7
644825;J5L1E2
644842;J7Y4X3
644848;J7N1A2
644922;J7Y2H2
644955;J5K1Z7
644956;J5K1Z7
644957;J5K1Z7
644958;J5L0N2
644973;J5J2S8
645046;J7Z4K2
645066;J7Z0E1
645104;J8H1W8
645116;NULL
645129;J8A2V7
645148;J7Z6Z8
645152;J5L2E6
645225;J7Y4P2
645248;J8H0H3
645260;J7Y2K2
645279;J5L2E4
645282;J5K1W4
645283;J5K1W4
645310;J7Y0M4
645332;J7N1H9
645338;J8E2S6
645342;J7N1H9
645357;J7Y1Z6
645363;J7Z6S8
645396;J8G1R2
645422;NULL
645426;J7Z5M5
645432;NULL
645517;J7Z1C8
645536;NULL
645550;J5K1W4
645587;J5L1N5
645662;J7Z2E5
645725;J0K3K0
645783;J0K1Z0
645813;J7Z0A8
645961;J5L1W9
645966;J7Z3L2
645978;J5X2M4
646005;NULL
646104;J7Y1Y4
646121;J0K1Z0
646123;J0K1Z0
646172;J7J0P8
646193;J7Z3L2
646194;J7Z3L2
646197;J7Z3L2
646250;J8A1C9
646260;J7J1C8
646296;J5L0L1
646319;J5M2P7
646524;J7Y2X7
646594;NULL
646746;J8B1P4
646779;J0Y1Z0
646784;J0K1Z0
646807;J8A0B7
646808;J8A0B7
646829;J7R6K6
646856;J724Y1
646973;J0R1R3
647077;J5L1W4
647172;H7P0L7
647200;J7Y4M9
647209;NULL
647272;J8B2G8
647333;J7Z4T3
647344;J8G1T6
647379;J7Z3J2
647384;J7Y3L5
647412;J0T2C0
647443;J7Y0B1
647445;J0V1X0
647478;J7Y0C7
647524;J7N0Y1
647597;J7Y0A7
647648;J7Z4V2
647660;J7Y5J1
647677;J5J1W8
647679;J5J2N6
647819;J0R1T0
647965;J5K1E2
648034;J7Z6H3
648085;J0K2T0
648104;NULL
648206;J7Y0C1
648209;J5K2A1
648220;J5L1A5
648228;J7Y2C1
648293;J5J0P7
648312;J7C2K6
648317;J8E3A1
648347;J7Y0P4
648374;J7Y7Y9
648433;J8G2V1
648497;H7H3E7
648517;J9L0G3
648788;NULL
648837;J0R1T0
648949;J7Z0A8
648951;J5K1Z6
648952;J0T2G0
649069;J7N0B9
649101;J5M0G3
649161;J7Z6B7
649182;J7Y2W6
649236;J0T2B0
649366;NULL
649378;J7Z7C9
649416;J0R1A0
649426;J7Z0K8
649483;J7J1S3
649581;J7C2X8
649621;J8A2B2
649636;J5K1C2
649650;NULL
649671;J8C0S1
649700;J5L0H5
649780;J8H0S9
649781;J8H0S9
649793;NULL
649845;J0R1T0
649908;J7N2M1
649987;NULL
650114;J5J2S8
650142;J0V1X0
650309;J7Y3A7
650344;J0T1T0
650366;J5J2M7
650373;H2E2M4
650411;J7E5C2
650412;J5L2R9
650432;J7N3W1
650439;J7Z6A9
650451;J8H1Y2
650589;NULL
650620;J8H0T7
650664;NULL
650716;J7Y2A1
650728;J8H4N4
650781;G1L1R3
650782;H7A1H2
650787;J5K1G3
651029;J7N1R7
651099;J7N3H5
651152;J5L0N1
651153;J5L0N1
651157;J5L2L2
651189;J0K2T0
651207;J5M1T1
651208;J5M1T1
651209;J5M1T1
651246;J5J2T3
651285;NULL
651364;J7N0E2
651372;J7Z3G4
651414;J0V1K0
651428;J7Y3C2
651496;NULL
651500;J5J2S7
651671;J8B2A3
651678;J5K2A1
651716;H1Y0A2
651855;J7Z6P2
651937;J0K1Z0
652007;H2J1R1
652030;J0T2V0
652042;J0K1Z0
652070;J8G3C4
652152;K6A2A3
652293;NULL
652297;NULL
652318;J7Z5L4
652329;J7Z1B1
652366;NULL
652415;J0W1H0
652427;NULL
652465;J7Z3S8
652482;J7Y5J2
652483;J7Y4N6
652502;J7Z3S8
652575;J7Y0C7
652744;J8A1R3
654502;J8C2Y3
655594;J7R6H6
655789;J0K1Z0
655792;J0T2B0
655796;J7Y3J5
655863;J0V1W0
655927;J7R6P7
655936;J7Z5R1
655960;J7Z1L2
655961;J7Z1L2
655962;J7Z1L2
656005;J7Y0R4
656009;J7Z4Y9
656032;J5J0H2
656038;NULL
656062;J5N1V1
656083;J8A1N7
656132;J8H4H7
656148;J5M3A4
656264;J7Z0H3
656267;J5K2C8
656271;J5L0A4
656311;J7Z1H1
656314;J7Y4V1
656315;J7Y4V1
656384;J7Y2N2
656389;J5M0J1
656467;J5J0P8
656710;J5L1S1
656714;J7Y5C1
656718;J0K1S0
656796;J6E1C2
656828;J7Z6L2
656842;J7Z4W3
657048;J5J2S4
657084;J7J2J8
657152;J0K1S0
657154;J5M2Z2
657171;J0R1B0
657172;J7Z6A9
657262;NULL
657273;J0T2V0
657310;J7Z2A2
657329;J7Y4G6
657336;J6E1R3
657351;NULL
657368;J7Y4V1
657394;NULL
657418;J7N1R6
657458;J7Z1C5
657492;J8A0C8
657507;J5L2C5
657517;J0T2G0
657556;J7J0C8
657574;J7Y0K7
657605;J0T1W0
657635;J5J2B3
657650;J0R1R2
657652;J0R1R2
657707;J8H1W8
657758;J7Z1N6
657770;J5J0E3
657815;NULL
658064;J8A3R1
658067;J7Y3T1
658100;NULL
658123;J7Z7H2
658205;J0T2G0
658237;J7Z5C9
658265;NULL
658280;NULL
658291;J7Y4G6
658304;J0T1V0
658320;J8G2X2
658338;J7Z5X1
658403;J5L2L2
658407;J7Y0K8
658412;J7Y1A8
658436;J7Z3V8
658480;J7Y4W7
658609;J7Y1M8
658615;J5L0A5
658616;J5L1W1
658833;NULL
658847;J0T2C0
658927;NULL
658936;J8B1W2
659030;J7J0S6
659048;J5M2Z8
659081;NULL
659138;J7Y0J1
659153;NULL
659245;J5L2P2
659307;NULL
659400;J7Z4R4
659462;J7Z0L3
659533;NULL
659541;J5M2P9
659658;J7N3N4
660724;J7Z0G7
660740;J7N0N3
660786;NULL
660789;G0L3W0
660797;J5K1A5
660823;J7Y0R1
660871;J7Y1Y6
660873;J0K1Z0
660876;J0K1Z0
660921;NULL
660964;J7Y3Y5
660982;J7J1K2
661045;J8A3S1
661155;J0N1P0
661158;J7J1J6
661246;J7Y2W4
661295;J0K1Z0
661304;NULL
661342;J8G3C4
661368;J5K1W6
661400;J5L2S2
661412;J7Y2V1
661431;J0R1R6
661474;NULL
661485;J7Y1P6
661615;J7Y1Y5
661639;J7Y2Y9
661720;J5L0C5
661723;J5L0C5
661788;J7Y0B4
661807;J8A3R3
661856;J7Y0M4
661858;J0R1H0
661976;J5K1C7
661977;NULL
662041;J7Y0M3
662166;NULL
662187;J5K2B9
662199;J7Y2Y9
662201;J7Y2Y9
662314;NULL
662354;J7Y0H4
662468;J0W1K)
662491;J5K1E7
662517;J0R1B0
662524;J7Y1X2
662573;J7Z1G5
662621;J7J0H2
662637;J3N1H5
662680;NULL
662701;J7Y0H4
662735;J7Z6W2
662744;J0R1K0
662773;J7Z4M9
662780;J7Y3T5
662813;J8G2Y3
662826;J7Z1A8
662827;J7Z1A8
662832;J7Y0G6
662925;J5L2G1
662982;J7Z6T7
663027;J0K2R0
663054;J7Y3Z7
663090;J7N1R2
663267;NULL
663521;J5K0H7
663605;J7Y1Y2
663606;J7Y1Y2
663651;J7Y1B4
663666;J0R1T0
663682;J5L0B4
663781;NULL
663829;J7Y2K6
663836;NULL
663842;J7Y0G7
663854;NULL
663867;J7Z0J5
663868;NULL
663869;NULL
663877;J7Y0N6
663883;J7Z3T1
664011;NULL
664013;NULL
664014;J7Y3Z7
664030;J7Z4H1
664043;J7Z5X9
664046;J8A2W3
664050;J7Y0C5
664074;J7Y3Y5
664098;J5M2T5
664198;NULL
664208;J5M2L3
664265;NULL
664305;J7Y0N6
664337;J0N1H0
664362;J7Z0J5
664385;J8H1G4
664389;J7Y4X3
664423;J7Z0A4
664448;J7Z5J4
664558;J7Z4J9
664562;J7J1H8
664580;J7Y3Z8
664640;J0T2N0
664642;J7Z2N5
664672;J7Y4W2
664673;G7Z6S4
664824;J7Y5B1
664836;NULL
664910;J0T1V0
664923;J7Z4Y2
664970;J7Z0A3
664997;J7J1W7
665031;J7Z6A9
665083;G0K1B0
665092;J7Z0J9
665211;J7Y5H5
665214;J8A1T4
665227;J0R1R5
665296;J5J2T4
665341;J0R1A0
665363;J72244
665409;J7Z2N9
665429;J5K0N7
665469;J7Z7N5
665473;J743Y3
665483;J7Y1N2
665582;J0R1T0
665679;J5J1L7
665697;J8C2Z7
665701;J8A0G1
665752;J5K1W6
665769;J0R1P0
665772;J5J0K4
665843;J7J0Y7
665898;J7Y2A3
665911;J7Y2X7
665961;J7Y0P5
666046;J7Z1E8
666073;J6E8W9
666140;J7Y3E1
666181;J0R1R3
666191;NULL
666196;J7Z0A2
666200;J7Z2T5
666248;J5K1A5
666279;J7J2L8
666355;J8G0H5
666361;J5L1R7
666364;J7Y2B8
666375;J7C2X8
666399;NULL
666430;J7Y0G2
666446;J7Y4WL
666473;NULL
666484;J7Z2N5
666522;J5L0M1
666523;J5L0M1
666524;J5L0M1
666525;J5L0M1
666575;J0R1R6
666619;J7M1L5
666661;J7Y2K6
666667;J7Y0M4
666669;J7Y0A2
666675;J0K1Z0
666692;J7Y2X3
666696;J7Z0A2
666705;J0R1T0
666707;J8A1H8
666747;NULL
666757;J7Z5Y2
666765;J0A1R2
666797;J0T1Y0
666798;J0T1Y0
666824;J5M0C3
666862;NULL
666885;J8H1Z9
666917;J7Y2P5
666954;J7Y0B8
667008;J0K1C0
667045;J5L2K9
667048;NULL
667084;J7Z5H3
667198;J7N1R6
667245;J7Y3L2
667246;J8H3Z9
667254;J7Y3M7
667352;J7Y4T5
667366;J5L0N2
667412;J5L2G2
667413;J5L2G2
667445;J7J1J4
667517;J5J1W7
667682;J7Y5E3
667687;J8A3P3
667698;J5L1P1
667706;J5L1R7
667730;J7Y2L7
667766;J8A2S7
667771;J7Z0A3
667817;J7Z5Z9
667861;H7W1K4
667923;J7Y0B9
668028;J5J1K9
668077;J0R1R4
668081;J7Y0M3
668147;NULL
668198;J8H2T3
668279;J7C5Y1
668303;J0T1R0
668331;J5L2R9
668379;J7Y0C7
668381;J8H1Z9
668442;J7Y0M4
668448;J7Y0M4
668480;J7Y3X1
668486;J5L1X6
668509;NULL
668601;J7Z2T5
668602;J7Z2T5
668627;J5K2N9
668652;NULL
668684;J7Y4X3
668849;J7Y1K3
668850;J7Y1A3
668856;J7Z7N1
668878;J0T1Y0
668892;J5K1C7
668905;J0R1T0
668932;J7Z1A6
668954;J5M2L3
668956;J0V1X0
668967;NULL
668973;J7N3T3
668978;J7Z4J5
669009;NULL
669022;J7Z2B9
669096;J7J0Y7
669145;J0R1T0
669159;J7Z2N5
669229;J7Y5K9
669239;J0K1Z0
669252;J8B2Y5
669255;J0K1Z0
669308;J7Z1B7
669317;J0W1P0
669352;J5L1P1
669394;J5K2T4
669414;J7Z2P1
669417;NULL
669445;J6A7J2
669458;J5L1R7
669492;NULL
669499;J7N3K7
669538;J7Y3Z6
669608;J5N0W2
669609;J0N1H0
669615;J7Y4L8
669761;J0R1R5
669767;J9L0E6
669804;J7Z6V6
669810;J7Y2Y4
669813;J5J1W5
669827;J7Z6X8
669844;J5L0N2
669927;J8G2Y7
669964;J7Y3L3
669975;J7Y1E8
669984;J7Z0C2
669992;J7Y3K6
670010;J7Y0M4
670012;J7Y1W6
670037;J7Y0N8
670078;J0T2R0
670081;J7Z0G7
670100;NULL
670130;J5M2B6
670148;J8A1N8
670180;J7Z1L5
670226;J0R1R1
670242;J5L0M9
670290;J5L1T4
670322;J8H2W1
670364;J8A2E3
670369;J5J0H7
670372;J7Y5B1
670470;J7Y1B4
670477;J8B2T4
670541;J7Y3T3
670578;J5M0J7
670586;NULL
670625;J7Y1P6
670641;J7Y2E3
670660;J7Z5Y3
670689;J7Y4G6
670716;J7Z6S4
670725;J7Z4Y9
670735;J5J1T4
670793;J7Y3V8
670796;NULL
670937;J7Z0B3
670979;J0R1T0
670989;J5L0N1
671024;J7J2T4
671026;J7J2T4
671032;NULL
671075;J5K2V3
671120;J7Z4J6
671142;J7Z7N1
671143;J7Z7N1
671160;J7Z5X1
671165;J7Z5L5
671170;J7Z1L5
671204;J8H4N4
671226;J7Y3K1
671293;J5L1K8
671357;J0K1Z0
671390;J7Y2V4
671452;J7Y3C5
671459;J7Y3J6
671462;J7Z7N5
671500;J7Z5H3
671529;J0V1X0
671533;J5L2P7
671537;J0T1T0
671573;J0T1R0
671574;J7Y3R9
671580;J7Z1V3
671743;J8G1P7
671787;J7Z6A7
671794;J7Y3K8
671801;J7Z5X9
671804;J5L0E6
671926;NULL
671927;J7Z1S4
672090;J0T2A0
672137;J9P0B9
672155;J7J1N6
672199;J5J1H8
672222;J5J2A2
672225;J8A3L1
672247;J7Z1G6
672256;J5L2J2
672277;J7Y3K1
672312;J0R1H0
672330;J7J1M9
672338;J7Y4V2
672342;J7Z7C6
672350;J0K2T0
672352;J5J2E4
672372;J7Y3C5
672405;J8A3A8
672416;J0R1K0
672435;J8A2N6
672436;J0K1S0
672470;J8A3C5
672566;J7Z0G7
672572;J7Y3T9
672650;J7Z2A4
672669;J7Z1P6
672670;J7Z5B7
672703;J5L0E7
672704;J5L0E7
672881;J7J2R8
672908;J7Y1Y2
672910;J7Y4N1
672920;J5L1X6
672922;J7Z2S2
672940;J7Z6S9
672945;J7N1M3
672959;J7Y4L8
672982;J7Z6B4
673040;J5N2X9
673051;J7Y5A6
673130;J7Z2H8
673157;J7Z5P4
673158;NULL
673173;J7Z5P4
673183;J8G2K1
673192;J7Y1B4
673194;J0K1Z0
673214;NULL
673218;J5L0N4
673227;J7Y0M3
673231;J7Z3P9
673281;J5L2P3
673282;J5L2P3
673290;J8A2N6
673336;J8H1B8
673360;J5L2A7
673361;J7Z2S4
673388;J0R1B0
673470;J5L2R9
673538;G1G1E4
673589;J7N1R7
673594;J7Y2W2
673604;NULL
673641;J5J0J4
673660;J8A1A7
673733;J8C3L3
673785;J7M1V4
673787;J5L2P3
673810;J0R1R3
673813;J7Y2Z9
673832;J6X4C5
673905;J7Y1N2
673906;J7Y2X8
673910;J0J2C0
673912;J7Y1K3
673973;J5L2C3
674000;J0K2T0
674024;J5K1W1
674042;J5L1R7
674075;J7J2G7
674126;NULL
674161;J5J2B1
674163;J0R1A0
674238;J7Y3X3
674246;NULL
674305;J8A3A9
674397;J7Y3W6
674434;J5K0C6
674450;J7Y3T8
674492;J5J0K3
674610;J0T1H0
674842;J0R1T0
674843;J5L1W8
674847;J5L0N7
674939;J7Y0P4
674944;J7Z2T9
674951;J7J1B3
674956;NULL
675034;J7Z2H2
675046;J7Y1Y2
675067;J8B1K8
675075;NULL
675148;J7Z6X8
675306;J7N1N7
675355;J0K2L0
675393;NULL
675504;J7Z0X3
675505;J7Y3N7
675507;J5M0H2
675521;J8A2C3
675574;NULL
675606;J7Z4Y2
675639;J7N1S5
675924;J5N2Z7
675968;J7K3C2
675969;J7Z5L5
676002;NULL
676096;J7Z5Y2
676116;J5M0J5
676118;J7Y0M4
676141;J5L1W6
676169;J5L0G5
676171;J5K2K4
676178;J7N1K1
676191;H1E3N3
676223;NULL
676419;J7Z0A3
676422;J7E2C3
676436;J7Z4Y2
676550;J0R1T0
676561;J7Y5G2
676617;J7Z0E1
676623;J7Y0P4
676672;J8E2H1
676712;J7Z6G7
676729;J5J0J7
676733;J8A1H8
676742;J7Y0P2
676784;J7Z2S1
676809;NULL
676877;J7Z6A9
676884;J0R1T0
